STT,Ngay,Ttb,Tmax,Tmin,Bh_evaporation,RRR_Rain,Utb_Hum,Umin,SSS_Sun,Fx,Dx_wind,mua,muarao,muaphun,suongmu,giong,chop
1,1-Jan-16,11.5,13.6,10.2,0.3,0.0,94,85,0.0,NNE,4,0,0,0,0,0,0
2,2-Jan-16,13.0,15.0,11.4,0.4,0.0,96,93,0.4,ESE,4,0,0,0,0,0,0
3,3-Jan-16,14.4,17.2,12.7,0.5,0.0,97,94,1.8,SE,4,0,0,0,0,0,0
4,4-Jan-16,15.2,17.3,14.4,0.3,0.0,97,91,0.6,NW,5,0,0,0,0,0,0
5,5-Jan-16,16.1,19.8,15.3,0.6,0.0,96,87,4.5,WSW,10,0,0,0,0,0,0
6,6-Jan-16,16.3,20.6,14.4,0.7,0.0,94,86,6.3,E,6,0,0,0,0,0,0
7,7-Jan-16,15.5,18.3,14.6,0.2,0.0,100,99,1.6,ESE,5,0,0,0,1,0,0
8,8-Jan-16,15.1,16.4,14.5,0.0,0.1,100,100,0.4,ESE,7,1,0,0,1,0,0
9,9-Jan-16,16.0,17.3,15.0,0.0,1.0,100,100,0.4,SW,8,1,0,0,1,0,0
10,10-Jan-16,18.0,20.3,16.9,0.9,8.3,93,72,4.1,WSW,10,1,1,0,0,0,0
11,11-Jan-16,14.9,18.7,12.2,1.4,0.0,94,88,5.6,NE,6,0,0,0,0,0,0
12,12-Jan-16,11.8,12.5,11.5,0.4,0.1,96,88,0.0,NE,6,1,0,1,0,0,0
13,13-Jan-16,12.6,13.9,11.6,0.0,0.4,100,100,0.0,E,6,1,0,1,1,0,0
14,14-Jan-16,13.8,14.8,12.5,0.1,8.2,100,99,0.0,ESE,9,1,0,0,1,0,0
15,15-Jan-16,13.4,15.2,12.0,0.0,6.2,100,100,0.0,WSW,6,1,0,0,1,0,0
16,16-Jan-16,13.0,14.4,11.5,0.0,3.8,100,100,0.0,SE,6,1,0,0,1,0,0
17,17-Jan-16,13.4,16.1,11.6,0.2,0.4,96,90,5.0,NE,6,0,0,1,0,0,0
18,18-Jan-16,11.7,13.4,9.9,0.9,0.0,90,86,0.7,ENE,7,0,0,0,0,0,0
19,19-Jan-16,11.7,12.6,10.3,0.2,0.8,95,86,0.0,ESE,7,1,0,0,0,0,0
20,20-Jan-16,12.7,13.9,11.6,0.1,0.4,100,100,0.0,SE,5,0,0,1,1,0,0
21,21-Jan-16,14.0,15.2,13.0,0.0,1.1,100,99,0.0,SW,5,1,0,0,1,0,0
22,22-Jan-16,13.8,15.3,11.6,0.0,1.9,100,99,0.0,SE,4,1,0,0,0,0,0
23,23-Jan-16,4.0,12.4,1.5,0.5,7.0,94,87,0.0,NE,14,1,1,0,0,0,0
24,24-Jan-16,-0.5,1.5,-1.0,0.0,15.0,87,80,0.0,NE,12,1,0,0,1,0,0
25,25-Jan-16,1.3,3.2,-0.1,0.9,3.1,78,70,0.0,NE,8,1,0,1,0,0,0
26,26-Jan-16,1.4,2.2,6.0,0.2,29.8,100,98,0.0,NE,6,1,0,0,0,0,0
27,27-Jan-16,7.3,9.6,1.8,0.2,13.4,97,92,0.0,NE,5,1,0,0,1,0,0
28,28-Jan-16,11.9,16.4,8.9,0.5,15.6,96,84,3.2,WSW,6,1,0,0,1,0,0
29,29-Jan-16,13.1,17.3,11.4,1.1,0.0,90,84,7.2,NNE,7,0,0,0,0,0,0
30,30-Jan-16,11.7,13.4,11.0,0.0,1.0,100,99,0.0,NE,7,1,0,0,1,0,0
31,31-Jan-16,13.2,15.7,11.7,0.2,4.3,99,99,0.0,NE,6,1,0,0,0,0,0
32,1-Feb-16,7.7,13.6,6.6,0.7,5.1,95,91,0.0,NE,14,1,0,1,1,0,0
33,2-Feb-16,6.3,8.8,4.7,1.3,0.0,84,81,0.3,NE,11,0,0,0,0,0,0
34,3-Feb-16,6.8,8.9,5.5,0.8,0.0,82,74,0.0,NE,6,0,0,0,0,0,0
35,4-Feb-16,7.0,8.0,6.3,1.6,0.4,98,89,0.0,NNE,10,0,0,1,0,0,0
36,5-Feb-16,8.3,9.8,6.3,1.2,0.5,80,64,0.0,NNE,11,1,0,0,1,0,0
37,6-Feb-16,8.9,12.8,7.0,3.5,0.0,59,46,9.3,NNE,11,0,0,0,0,0,0
38,7-Feb-16,9.9,14.0,6.6,2.9,0.0,56,54,9.6,NNE,6,0,0,0,0,0,0
39,8-Feb-16,10.7,16.0,6.9,3.7,0.0,43,16,9.9,NE,5,0,0,0,0,0,0
40,9-Feb-16,11.4,16.2,7.1,3.6,0.0,49,15,9.9,E,7,0,0,0,0,0,0
41,10-Feb-16,12.3,16.8,8.8,1.5,0.0,80,67,8.7,SE,7,0,0,0,0,0,0
42,11-Feb-16,15.7,21.6,12.7,1.6,0.0,89,74,8.3,SW,5,0,0,0,0,0,0
43,12-Feb-16,19.6,23.9,16.9,4.5,0.0,59,48,9.8,S,7,0,0,0,0,0,0
44,13-Feb-16,21.1,26.5,17.1,6.0,0.0,53,43,9.9,SSE,7,0,0,0,0,0,0
45,14-Feb-16,20.3,24.5,16.8,5.0,0.0,69,43,9.9,NE,10,0,0,0,0,0,0
46,15-Feb-16,8.2,16.8,7.0,1.2,0.0,87,73,0.0,NE,12,0,0,0,0,0,0
47,16-Feb-16,6.5,9.4,4.2,1.1,0.2,86,74,0.0,NE,8,0,0,1,0,0,0
48,17-Feb-16,8.0,9.6,6.5,1.3,0.0,79,64,0.0,NE,7,0,0,0,0,0,0
49,18-Feb-16,9.2,10.6,7.7,1.2,0.0,84,64,0.0,NE,6,0,0,0,0,0,0
50,19-Feb-16,10.2,11.3,9.2,0.3,0.5,95,81,0.0,NE,9,1,0,0,0,0,0
51,20-Feb-16,11.3,13.0,10.8,0.0,0.2,59,50,0.8,NE,9,1,0,0,0,0,0
52,21-Feb-16,11.3,15.6,9.4,3.3,0.0,69,61,3.1,ESE,6,0,0,0,0,0,0
53,22-Feb-16,13.4,16.3,11.5,0.9,0.0,89,79,2.4,ESE,6,0,0,0,0,0,0
54,23-Feb-16,11.8,15.2,9.2,0.3,1.2,97,95,0.0,NE,9,1,0,0,0,0,0
55,24-Feb-16,7.4,9.3,6.9,1.2,20.5,89,79,0.0,NNE,13,1,1,0,0,0,0
56,25-Feb-16,6.6,7.3,5.9,1.5,7.1,81,73,0.0,NE,13,1,0,1,0,0,0
57,26-Feb-16,6.8,7.8,6.0,1.1,0.4,91,83,0.0,ENE,11,1,0,0,1,0,0
58,27-Feb-16,9.5,12.6,7.0,1.7,0.0,74,68,1.1,NE,6,0,0,0,0,0,0
59,28-Feb-16,12.7,16.9,10.5,1.7,1.2,73,69,6.9,NE,7,1,0,0,0,0,0
60,29-Feb-16,14.5,19.6,12.3,5.3,0.0,49,37,10.1,NE,7,0,0,0,0,0,0
61,1-Mar-16,14.9,18.5,12.6,5.3,0.0,46,32,10.0,NE,7,0,0,0,0,0,0
62,2-Mar-16,13.3,17.9,10.9,2.4,0.0,89,70,6.7,ESE,8,0,0,0,0,0,0
63,3-Mar-16,13.7,15.2,12.9,0.3,0.0,98,95,0.0,SW,6,0,0,0,0,0,0
64,4-Mar-16,14.1,15.0,13.5,0.0,0.9,100,99,0.0,SW,5,1,0,0,1,0,0
65,5-Mar-16,15.3,16.5,14.1,0.1,1.7,98,95,0.0,SE,6,1,0,0,0,0,0
66,6-Mar-16,16.1,18.0,15.2,0.0,0.6,97,95,0.0,SSW,6,1,0,0,0,0,0
67,7-Mar-16,16.9,18.0,16.2,0.0,1.2,100,100,0.0,SSW,6,1,0,0,0,0,0
68,8-Mar-16,18.0,21.2,16.7,0.1,2.1,99,95,2.3,NSW,5,1,0,0,0,0,0
69,9-Mar-16,19.9,21.8,17.8,1.2,0.0,88,82,2.8,NNW,4,0,0,0,0,0,0
70,10-Mar-16,14.8,19.8,12.6,0.9,2.8,85,65,0.1,NE,10,1,0,0,0,0,0
71,11-Mar-16,9.8,12.6,8.6,2.4,0.0,73,65,0.0,NE,10,0,0,0,0,0,0
72,12-Mar-16,8.8,10.0,7.5,0.0,0.4,100,100,0.0,NE,6,1,0,0,0,1,0
73,13-Mar-16,11.6,13.3,10.0,0.6,0.8,94,75,2.1,NE,13,1,0,0,0,0,0
74,14-Mar-16,13.4,14.2,11.1,2.1,0.0,76,66,0.0,NNE,10,0,0,0,0,0,0
75,15-Mar-16,11.8,14.2,11.0,0.5,0.0,97,90,0.0,NE,6,0,0,0,0,0,0
76,16-Mar-16,13.5,15.2,12.1,0.0,1.0,100,100,0.0,SNSW,6,1,0,0,0,0,0
77,17-Mar-16,16.2,19.6,13.8,0.3,0.5,96,86,2.3,SSW,6,1,0,0,0,0,0
78,18-Mar-16,17.6,20.6,15.8,0.4,0.0,95,90,0.4,S,5,0,0,0,0,0,0
79,19-Mar-16,17.9,18.6,17.0,0.1,2.0,98,94,0.0,SE,5,1,1,0,0,0,0
80,20-Mar-16,18.5,19.8,17.5,0.0,0.4,100,99,0.0,SE,5,1,0,0,0,0,0
81,21-Mar-16,18.7,19.7,17.9,0.1,0.8,98,97,0.0,SW,6,1,0,0,0,0,0
82,22-Mar-16,18.8,20.2,18.0,0.0,5.0,99,97,0.0,SW,6,1,1,0,0,1,0
83,23-Mar-16,19.0,19.9,18.0,0.0,3.8,99,97,0.0,SE,7,1,0,0,0,0,0
84,24-Mar-16,11.8,19.4,10.3,1.1,35.6,95,90,0.0,NNE,15,1,1,0,0,0,0
85,25-Mar-16,11.6,14.7,10.3,1.2,0.0,84,77,2.6,NNE,12,0,0,0,0,0,0
86,26-Mar-16,11.5,12.8,10.2,0.6,0.0,88,84,0.0,ENE,6,0,0,0,0,0,0
87,27-Mar-16,11.4,12.5,10.7,1.3,0.1,80,72,0.0,ENE,5,1,0,0,0,0,0
88,28-Mar-16,12.0,14.4,11.0,1.5,0.0,79,63,0.0,ESE,6,0,0,0,0,0,0
89,29-Mar-16,13.0,14.7,11.1,0.0,0.5,100,100,0.0,E,6,1,0,0,0,0,0
90,30-Mar-16,15.1,15.8,14.2,0.0,2.1,100,100,0.0,WSW,5,1,0,0,0,0,0
91,31-Mar-16,15.9,16.3,15.3,0.0,1.8,100,99,0.0,NE,7,1,0,0,0,0,0
92,1-Apr-16,16.8,17.9,15.7,0.0,1.4,99,98,0.0,SSW,7,1,0,0,0,0,0
93,2-Apr-16,18.3,19.1,17.9,0.0,4.2,100,99,0.0,SW,7,1,1,0,0,0,0
94,3-Apr-16,19.0,20.3,17.4,0.1,1.9,98,97,1.5,NE,5,1,0,0,0,0,0
95,4-Apr-16,19.4,21.1,18.3,0.0,0.5,99,99,1.0,NNE,7,1,0,0,0,0,0
96,5-Apr-16,20.1,22.2,19.0,0.2,0.2,99,97,2.3,E,5,1,0,0,0,0,0
97,6-Apr-16,19.7,20.8,19.2,0.0,0.9,99,97,1.5,ESE,7,1,0,0,0,0,0
98,7-Apr-16,19.8,22.7,18.2,0.3,1.4,97,94,4.3,NE,6,1,0,0,0,0,0
99,8-Apr-16,19.5,20.5,18.6,0.5,1.1,97,94,0.0,SE,7,1,0,0,0,0,0
100,9-Apr-16,19.6,23.7,18.0,0.2,19.6,97,90,4.4,NE,10,1,1,0,0,1,0
101,10-Apr-16,24.0,27.9,19.6,2.9,0.1,77,74,10.5,SW,6,1,0,0,0,0,0
102,11-Apr-16,20.6,23.0,18.3,1.4,0.0,96,93,2.1,NE,10,0,0,0,0,0,0
103,12-Apr-16,20.8,24.0,19.1,0.5,0.1,95,88,2.6,ESE,8,1,0,0,0,0,0
104,13-Apr-16,22.6,25.9,21.0,0.7,0.0,86,79,3.5,NNE,5,0,0,0,0,0,0
105,14-Apr-16,23.6,28.0,20.1,2.0,0.0,86,66,3.9,WSW,6,0,0,0,0,0,0
106,15-Apr-16,25.5,29.0,22.6,4.7,0.0,77,62,8.3,SW,5,0,0,0,0,0,0
107,16-Apr-16,26.1,30.6,21.6,4.0,0.0,62,48,9.4,WSW,7,0,0,0,0,0,0
108,17-Apr-16,23.1,25.8,21.4,1.5,0.0,89,50,2.7,SE,5,0,0,0,0,0,0
109,18-Apr-16,16.9,20.2,14.1,2.0,28.3,83,64,3.7,NE,19,1,1,0,0,1,0
110,19-Apr-16,18.4,20.4,16.0,1.3,1.2,89,78,1.0,WSW,6,1,0,0,0,0,0
111,20-Apr-16,18.9,22.0,16.3,0.6,24.7,95,89,0.8,WSW,11,1,1,0,0,0,0
112,21-Apr-16,19.4,20.3,18.4,0.3,11.4,97,91,0.0,SW,6,1,1,0,0,1,0
113,22-Apr-16,18.2,23.5,16.1,1.1,52.6,84,73,3.8,WSW,13,1,1,0,0,1,1
114,23-Apr-16,20.7,24.4,16.8,2.1,3.3,81,73,9.8,W,10,1,0,0,0,0,0
115,24-Apr-16,21.2,24.4,18.8,1.0,2.6,92,86,6.9,NE,8,1,0,0,0,0,0
116,25-Apr-16,21.7,26.4,18.4,2.1,2.6,79,75,10.4,WSW,7,1,0,0,0,0,0
117,26-Apr-16,24.4,27.8,21.6,2.7,0.0,83,77,11.3,SSE,6,0,0,0,0,0,0
118,27-Apr-16,22.7,25.1,19.9,1.6,0.8,87,77,2.1,NE,11,1,0,0,0,0,0
119,28-Apr-16,21.5,22.9,20.2,1.0,0.0,90,80,0.5,NE,8,0,0,0,0,0,0
120,29-Apr-16,20.9,22.2,20.2,0.2,0.0,90,84,0.3,NE,9,0,0,0,0,0,0
121,30-Apr-16,20.9,23.6,19.4,0.8,0.5,92,82,2.2,NE,9,1,0,0,0,0,0
122,1-May-16,21.5,24.4,20.2,1.2,0.0,94,87,1.7,ESE,7,0,0,0,0,0,0
123,2-May-16,23.2,27.2,20.8,1.4,0.2,91,85,7.0,W,6,1,0,0,0,0,0
124,3-May-16,23.5,26.0,22.5,0.8,0.0,95,89,3.1,W,6,0,0,0,0,0,0
125,4-May-16,22.9,27.2,21.0,1.6,0.0,87,81,8.3,SE,7,0,0,0,0,0,0
126,5-May-16,23.6,28.1,21.6,2.3,0.0,83,77,10.4,WNW,9,0,0,0,0,0,0
127,6-May-16,25.0,29.2,22.6,2.4,0.0,86,73,10.1,S,7,0,0,0,0,0,0
128,7-May-16,25.2,29.7,23.7,2.3,0.0,84,75,10.9,SE,6,0,0,0,0,0,0
129,8-May-16,23.9,26.4,21.7,2.8,0.2,89,73,4.4,ESE,7,1,0,0,0,0,0
130,9-May-16,23.8,26.8,22.0,1.2,0.0,92,88,3.8,SSE,8,0,0,0,0,0,0
131,10-May-16,22.5,25.1,18.1,1.8,74.3,80,67,4.5,NE,15,1,1,0,0,1,1
132,11-May-16,22.3,24.2,20.8,3.5,0.0,79,69,2.6,NE,8,0,0,0,0,0,0
133,12-May-16,21.4,22.8,20.5,1.4,0.0,88,72,0.0,SSE,7,0,0,0,0,0,0
134,13-May-16,21.5,22.2,21.0,0.5,7.5,97,92,0.8,NE,9,1,1,0,0,0,0
135,14-May-16,21.1,22.5,19.3,0.4,3.3,96,92,0.0,SE,7,1,0,0,0,0,0
136,15-May-16,20.9,24.5,18.5,1.0,0.9,93,75,1.4,NE,11,1,0,0,0,0,0
137,16-May-16,19.3,23.0,17.1,5.8,10.9,59,50,10.1,NNE,12,1,1,0,0,0,0
138,17-May-16,19.9,22.7,17.0,2.9,0.0,80,65,8.2,ESE,9,0,0,0,0,0,0
139,18-May-16,20.1,23.4,17.5,0.8,0.0,95,87,2.8,ESE,8,0,0,0,0,0,0
140,19-May-16,22.4,26.1,20.2,0.8,0.0,95,84,4.2,ESE,6,0,0,0,0,0,0
141,20-May-16,23.9,26.8,22.4,1.7,0.0,86,79,5.4,NE,9,0,0,0,0,0,0
142,21-May-16,22.9,25.3,21.5,2.8,4.6,79,73,2.0,NE,10,1,0,0,0,0,0
143,22-May-16,21.6,23.3,19.5,1.8,11.9,86,75,0.0,NE,11,1,0,0,0,0,0
144,23-May-16,21.4,23.4,20.0,1.1,0.9,90,82,0.1,E,9,1,0,0,0,0,0
145,24-May-16,21.0,22.4,19.7,0.7,23.2,97,89,0.0,NE,8,1,0,0,0,1,0
146,25-May-16,22.0,25.5,20.5,0.0,78.4,99,97,2.5,NE,7,1,1,0,0,1,0
147,26-May-16,22.8,24.5,22.0,0.2,106.9,100,99,0.8,ENE,8,1,1,0,0,1,0
148,27-May-16,23.3,26.5,21.9,0.3,32.0,96,89,1.7,SSW,11,1,0,0,0,1,0
149,28-May-16,23.5,26.4,22.0,0.9,2.6,90,87,6.1,ESE,7,1,0,0,0,1,0
150,29-May-16,24.7,27.4,22.8,2.1,0.2,83,76,3.1,ESE,7,1,0,0,0,1,0
151,30-May-16,23.0,26.0,20.8,1.1,8.5,94,89,1.3,NE,7,1,1,0,0,1,1
152,31-May-16,24.4,28.4,21.9,2.4,0.0,85,74,11.2,S,6,0,0,0,0,0,0
153,1-Jun-16,25.9,20.4,23.3,3.8,0.0,74,68,11.7,NNE,5,0,0,0,0,1,0
154,2-Jun-16,26.9,30.9,24.4,4.9,0.0,70,58,11.7,NNE,10,0,0,0,0,0,0
155,3-Jun-16,26.8,30.4,24.0,5.5,0.0,67,61,11.0,ESE,8,0,0,0,0,0,0
156,4-Jun-16,25.3,28.0,23.9,3.5,0.0,76,70,4.9,S,7,0,0,0,0,0,1
157,5-Jun-16,25.1,27.8,23.0,2.5,2.5,77,69,6.8,SW,8,1,0,0,0,1,0
158,6-Jun-16,23.5,26.4,21.8,1.0,0.0,90,80,3.4,NE,8,0,0,0,0,0,0
159,7-Jun-16,24.7,28.1,22.2,1.7,0.1,83,75,8.8,WNW,9,1,0,0,0,1,0
160,8-Jun-16,23.1,25.0,22.4,1.1,1.7,95,90,1.0,SW,6,1,0,0,0,1,0
161,9-Jun-16,24.0,27.2,21.5,1.1,0.0,87,80,5.8,ESE,11,0,0,0,0,0,0
162,10-Jun-16,24.1,27.0,22.8,0.2,2.0,94,80,3.2,SW,10,1,1,0,0,1,0
163,11-Jun-16,26.0,29.4,23.5,2.2,0.0,82,64,9.7,SW,6,0,0,0,0,0,0
164,12-Jun-16,26.4,30.5,24.2,4.1,0.0,70,64,9.6,NNW,7,0,0,0,0,0,0
165,13-Jun-16,26.4,30.4,24.0,4.2,0.0,71,64,7.5,NE,7,0,0,0,0,0,0
166,14-Jun-16,27.0,31.5,24.4,4.4,0.0,70,60,11.5,WSW,12,0,0,0,0,0,0
167,15-Jun-16,27.2,32.0,24.8,5.0,0.0,70,54,11.1,WSW,13,0,0,0,0,0,0
168,16-Jun-16,22.0,28.0,19.0,1.6,18.9,87,61,0.1,W,10,1,1,0,0,1,0
169,17-Jun-16,22.3,27.3,20.0,1.3,0.3,85,76,2.8,E,9,1,0,0,0,0,0
170,18-Jun-16,23.8,27.5,21.0,0.7,25.3,91,79,6.0,NE,9,1,1,0,1,1,0
171,19-Jun-16,23.9,26.8,19.7,1.3,38.8,89,77,6.5,SW,11,1,1,0,0,1,0
172,20-Jun-16,24.1,27.6,22.2,1.4,0.0,90,77,4.1,S,7,0,0,0,0,0,0
173,21-Jun-16,24.2,27.5,22.0,1.1,0.0,90,82,9.9,E,6,0,0,0,0,1,0
174,22-Jun-16,23.6,27.7,21.4,1.1,0.0,90,72,10.0,SSW,7,0,0,0,0,1,0
175,23-Jun-16,23.1,27.2,21.4,1.3,0.0,87,76,5.6,S,6,0,0,0,0,0,0
176,24-Jun-16,23.9,27.4,21.4,1.2,0.0,86,74,10.2,WSW,8,0,0,0,0,0,0
177,25-Jun-16,23.6,26.4,21.8,1.2,0.0,91,87,6.5,S,5,0,0,0,0,0,0
178,26-Jun-16,24.4,27.7,22.2,1.2,0.0,80,77,6.2,W,6,0,0,0,0,0,0
179,27-Jun-16,23.5,27.1,22.6,0.9,40.9,91,78,3.6,W,6,0,1,0,0,1,0
180,28-Jun-16,24.2,28.2,22.2,0.7,3.5,91,84,4.8,E,5,1,1,0,0,1,0
181,29-Jun-16,23.9,26.4,22.4,0.6,1.4,88,84,0.9,NE,5,0,0,0,0,0,0
182,30-Jun-16,22.8,24.3,22.2,0.9,9.0,95,87,0.0,NE,6,0,1,0,0,1,0
183,1-Jul-16,23.5,25.6,21.8,0.4,0.5,96,87,0.3,SW,8,1,0,0,0,0,0
184,2-Jul-16,23.1,24.9,22.4,0.4,16.8,96,85,0.0,SW,6,1,1,0,0,1,0
185,3-Jul-16,23.9,26.7,22.0,0.9,2.4,88,79,2.3,W,5,1,0,0,0,1,0
186,4-Jul-16,24.7,28.0,22.1,1.6,0.1,83,80,3.3,WSW,5,1,0,0,0,0,0
187,5-Jul-16,23.2,25.1,23.1,0.6,37.4,96,86,0.3,SW,6,1,1,0,0,1,1
188,6-Jul-16,21.4,22.8,20.0,0.3,78.5,95,89,3.2,NNE,12,1,1,0,0,1,0
189,7-Jul-16,23.2,25.7,21.1,1.1,0.8,87,79,0.0,NE,11,1,0,0,0,0,0
190,8-Jul-16,23.5,26.2,21.6,0.8,0.0,88,81,6.3,SW,6,0,0,0,0,0,0
191,9-Jul-16,25.1,28.5,22.6,0.4,0.0,93,81,7.4,ENE,5,0,0,0,0,0,0
192,10-Jul-16,25.9,28.8,23.5,0.4,0.4,88,78,5.6,SW,8,1,0,0,0,0,0
193,11-Jul-16,25.9,28.4,24.6,0.8,0.5,91,78,3.2,SE,6,1,0,0,0,0,0
194,12-Jul-16,23.7,26.0,21.4,0.9,5.3,83,73,0.0,WNW,9,1,1,0,0,1,0
195,13-Jul-16,23.6,25.5,22.6,0.4,0.0,94,84,0.6,ESE,8,0,0,0,0,0,0
196,14-Jul-16,23.6,26.0,21.4,0.2,24.6,95,85,0.0,WSW,7,1,0,0,0,1,0
197,15-Jul-16,25.1,28.2,20.2,1.1,34.6,90,73,7.7,WSW,8,1,1,0,0,1,0
198,16-Jul-16,25.4,29.8,23.2,1.6,9.3,86,76,10.2,ESE,8,1,1,0,0,1,0
199,17-Jul-16,25.3,28.7,23.0,2.8,0.0,83,75,11.0,SSE,7,0,0,0,0,0,0
200,18-Jul-16,25.6,29.0,23.2,2.3,0.0,82,65,9.9,SSW,9,0,0,0,0,0,0
201,19-Jul-16,25.3,28.6,23.2,1.6,0.0,87,76,4.8,S,8,0,0,0,0,0,0
202,20-Jul-16,25.1,28.2,23.0,1.5,0.0,83,70,7.6,ESE,7,0,0,0,0,0,0
203,21-Jul-16,23.9,26.4,22.1,0.8,0.2,94,70,4.5,SSW,8,1,0,0,0,0,0
204,22-Jul-16,23.5,28.2,20.0,1.7,37.0,88,75,8.3,SW,10,1,1,0,0,1,1
205,23-Jul-16,23.5,28.0,20.2,1.6,14.2,89,77,8.1,SW,8,1,0,0,0,1,0
206,24-Jul-16,23.4,27.2,20.7,1.6,2.4,83,74,10.0,WSW,8,1,0,0,0,1,0
207,25-Jul-16,24.7,28.1,23.0,1.9,0.0,83,55,8.3,ESE,7,0,0,0,0,0,0
208,26-Jul-16,24.9,28.3,22.6,1.2,0.0,87,75,10.0,SW,5,0,0,0,0,0,0
209,27-Jul-16,23.3,26.7,19.6,1.5,15.3,86,80,7.3,NE,18,1,0,0,0,1,0
210,28-Jul-16,19.7,20.5,19.0,0.5,246.2,100,96,0.0,ENE,16,1,1,0,0,1,0
211,29-Jul-16,22.5,26.0,20.5,0.8,28.5,91,76,5.2,W,7,1,1,0,0,1,0
212,30-Jul-16,22.4,25.6,21.0,0.8,3.4,94,84,3.2,NE,7,1,0,0,0,1,0
213,31-Jul-16,24.0,27.6,21.4,1.5,0.0,90,87,8.8,WSW,3,0,0,0,0,0,0
214,1-Aug-16,24.0,29.2,21.5,3.0,0.0,79,57,8.9,WSW,3,0,0,0,0,0,0
215,2-Aug-16,26.5,30.2,23.6,3.4,0.0,77,57,8.7,W,6,0,0,0,0,0,0
216,3-Aug-16,22.5,25.2,20.9,1.7,17.4,89,81,2.2,NE,6,1,1,0,0,1,0
217,4-Aug-16,22.5,24.2,21.2,0.4,1.5,97,89,7.0,NNE,9,1,0,0,0,0,0
218,5-Aug-16,22.9,24.9,21.8,0.8,26.0,89,80,2.5,NE,5,1,0,0,0,0,0
219,6-Aug-16,24.0,26.9,21.8,1.5,0.0,86,79,9.1,WSW,4,0,0,0,0,0,0
220,7-Aug-16,24.8,27.6,22.6,0.6,0.0,88,79,6.0,SSE,5,0,0,0,0,0,0
221,8-Aug-16,24.6,27.9,21.6,1.2,22.4,85,83,8.5,NE,9,1,1,0,0,1,1
222,9-Aug-16,24.8,27.5,22.5,1.0,0.0,83,75,5.8,SSW,5,0,0,0,0,0,0
223,10-Aug-16,24.7,27.2,22.8,1.8,0.8,88,75,3.6,SW,6,1,0,0,0,0,0
224,11-Aug-16,24.2,27.0,22.5,0.9,0.1,91,86,3.7,NE,6,1,0,0,0,0,0
225,12-Aug-16,22.9,25.4,21.5,0.5,15.9,92,84,1.4,NE,5,1,1,0,0,1,0
226,13-Aug-16,23.1,26.6,21.7,1.0,5.6,92,84,0.0,WSW,5,1,1,0,0,1,0
227,14-Aug-16,21.5,23.4,20.8,0.2,171.5,98,92,0.0,NE,11,1,1,0,0,1,0
228,15-Aug-16,22.6,25.4,20.6,1.3,54.6,89,82,2.4,NE,9,1,0,0,0,1,0
229,16-Aug-16,22.9,24.5,22.0,0.8,3.7,92,87,0.2,NNE,7,1,0,0,0,0,0
230,17-Aug-16,24.8,28.3,21.8,1.5,3.6,80,74,3.2,SW,6,1,0,0,0,0,0
231,18-Aug-16,25.3,29.5,22.7,3.3,18.0,81,62,3.9,NE,8,1,1,0,0,1,0
232,19-Aug-16,21.8,25.2,20.5,0.0,297.0,97,89,0.0,ENE,18,1,1,0,0,1,0
233,20-Aug-16,22.1,23.9,20.7,0.4,34.8,97,90,0.1,ENE,17,1,0,0,0,0,0
234,21-Aug-16,23.3,25.5,21.2,0.5,11.6,92,83,2.6,NE,8,1,0,0,0,0,0
235,22-Aug-16,23.5,25.2,22.3,1.3,4.7,87,83,1.8,NE,6,1,0,0,0,1,0
236,23-Aug-16,23.5,26.2,21.3,1.6,14.4,90,80,3.1,NE,9,1,1,0,0,1,0
237,24-Aug-16,23.9,27.4,21.5,1.5,12.2,84,65,8.8,NE,6,1,0,0,0,0,0
238,25-Aug-16,24.4,27.5,21.8,1.5,0.0,88,84,7.9,NE,5,0,0,0,0,0,0
239,26-Aug-16,25.5,28.2,23.0,1.9,0.0,92,84,6.7,NNE,5,0,0,0,0,0,0
240,27-Aug-16,24.1,27.0,22.7,2.4,2.8,88,78,5.4,NNE,10,1,1,0,0,0,0
241,28-Aug-16,22.1,24.4,20.6,0.9,43.0,95,78,0.0,NE,10,1,0,0,0,1,0
242,29-Aug-16,21.6,23.7,20.6,2.0,0.0,82,68,1.2,NNE,8,0,0,0,0,0,0
243,30-Aug-16,22.0,24.2,20.3,1.5,0.0,90,80,5.5,NNE,5,0,0,0,0,0,0
244,31-Aug-16,23.7,28.0,21.5,1.4,0.0,93,82,7.1,WSW,5,0,0,0,0,0,0
245,1-Sep-16,24.3,29.0,22.0,2.3,0.1,90,78,7.6,ENE,10,1,0,0,0,0,0
246,2-Sep-16,22.5,25.0,21.5,2.0,23.3,86,79,2.0,E,5,1,0,0,0,0,0
247,3-Sep-16,22.9,26.4,21.8,1.3,0.0,84,78,1.1,N,5,0,0,0,0,0,0
248,4-Sep-16,24.1,26.8,22.0,1.8,0.0,84,74,0.5,NE,5,0,0,0,0,1,0
249,5-Sep-16,24.4,28.0,22.7,2.5,13.1,89,67,7.8,WSW,5,1,1,0,0,1,0
250,6-Sep-16,22.9,24.0,22.2,0.9,0.0,94,90,0.6,NE,7,0,0,0,0,0,0
251,7-Sep-16,22.1,23.3,21.5,0.7,56.4,95,92,0.0,N,7,1,0,0,0,1,0
252,8-Sep-16,22.8,25.6,20.8,0.3,2.9,94,88,0.5,NNE,5,1,0,0,0,0,0
253,9-Sep-16,23.3,26.2,21.8,0.7,0.0,96,89,2.5,SE,5,0,0,0,0,0,0
254,10-Sep-16,21.8,24.9,19.9,1.3,3.4,92,89,0.0,NE,12,1,1,0,0,0,0
255,11-Sep-16,20.4,21.5,19.5,2.7,0.0,83,77,0.0,N,11,0,0,0,0,0,0
256,12-Sep-16,21.0,23.6,19.4,1.5,0.1,92,89,0.9,N,10,1,0,0,0,0,0
257,13-Sep-16,22.0,24.2,20.3,1.2,0.8,91,85,3.4,N,9,1,1,0,0,0,0
258,14-Sep-16,23.6,26.4,21.8,1.3,0.0,87,73,4.6,N,7,0,0,0,0,0,0
259,15-Sep-16,23.7,26.8,21.6,1.4,0.0,87,76,6.1,N,7,0,0,0,0,0,0
260,16-Sep-16,23.7,25.7,22.0,2.8,0.0,76,67,7.1,N,7,0,0,0,0,1,0
261,17-Sep-16,23.9,26.5,22.3,1.9,0.0,88,85,5.3,NNW,6,0,0,0,0,0,0
262,18-Sep-16,23.6,26.1,21.7,1.9,0.0,85,72,5.4,N,7,0,0,0,0,0,0
263,19-Sep-16,23.5,26.4,22.0,2.3,0.0,84,66,5.5,N,8,0,0,0,0,0,0
264,20-Sep-16,22.5,25.0,20.6,3.7,0.0,75,69,9.2,N,8,0,0,0,0,0,0
265,21-Sep-16,22.0,25.2,19.9,4.9,0.0,70,63,9.1,N,9,0,0,0,0,0,0
266,22-Sep-16,21.8,24.9,20.4,4.7,0.0,72,65,8.2,N,9,0,0,0,0,0,0
267,23-Sep-16,22.3,25.8,20.3,3.2,0.0,83,78,7.8,N,6,0,0,0,0,0,0
268,24-Sep-16,21.0,22.4,20.5,0.8,3.4,96,93,0.0,N,7,1,0,0,0,1,0
269,25-Sep-16,22.1,25.7,20.0,1.0,6.9,91,80,3.7,NE,5,1,1,0,0,0,0
270,26-Sep-16,23.2,27.3,20.7,1.4,0.0,85,73,7.9,NNW,6,0,0,0,0,0,0
271,27-Sep-16,23.3,27.5,21.5,1.3,0.0,91,87,6.4,NNW,6,0,0,0,0,0,0
272,28-Sep-16,25.4,29.2,22.4,2.7,0.0,78,81,9.5,N,8,0,0,0,0,0,0
273,29-Sep-16,24.9,28.5,23.0,5.5,0.0,64,62,9.6,N,8,0,0,0,0,0,0
274,30-Sep-16,22.5,24.8,20.3,2.2,2.4,81,77,6.4,NE,9,1,0,0,0,1,0
275,1-Oct-16,21.3,24.1,19.4,1.7,0.0,86,82,3.5,NNE,7,0,0,0,0,1,0
276,2-Oct-16,21.0,24.4,18.5,2.3,0.1,81,78,7.9,N,8,1,0,0,0,0,0
277,3-Oct-16,22.1,26.0,20.1,2.6,0.0,78,69,4.9,N,8,0,0,0,0,0,0
278,4-Oct-16,23.3,26.6,21.7,2.6,0.0,80,77,3.7,N,7,0,0,0,0,0,0
279,5-Oct-16,22.9,26.0,21.0,1.9,0.0,85,77,3.2,N,8,0,0,0,0,0,0
280,6-Oct-16,22.7,26.8,20.9,3.5,0.0,72,53,10.1,N,7,0,0,0,0,0,0
281,7-Oct-16,22.3,27.2,19.4,3.3,0.0,73,61,9.4,NNW,6,0,0,0,0,0,0
282,8-Oct-16,22.9,27.0,20.2,3.9,0.0,72,62,8.5,N,7,0,0,0,0,0,0
283,9-Oct-16,22.6,25.9,21.1,3.6,0.0,78,73,4.7,N,8,0,0,0,0,0,0
284,10-Oct-16,21.8,24.9,20.6,1.9,0.2,86,79,1.6,N,5,1,0,0,0,1,0
285,11-Oct-16,21.6,23.7,20.2,1.7,0.0,84,72,0.0,N,9,0,0,0,0,0,0
286,12-Oct-16,21.7,24.8,19.8,3.1,0.0,74,66,2.8,N,11,0,0,0,0,0,0
287,13-Oct-16,19.0,21.8,16.5,2.6,5.1,82,73,1.3,N,11,1,1,0,0,0,0
288,14-Oct-16,19.6,21.6,17.8,2.6,0.1,79,72,0.0,N,10,1,0,0,0,0,0
289,15-Oct-16,19.7,21.3,18.3,1.4,9.6,89,81,1.0,N,11,1,1,0,0,1,0
290,16-Oct-16,21.9,25.7,20.2,1.6,0.0,80,62,7.9,N,9,0,0,0,0,0,0
291,17-Oct-16,22.7,26.5,19.5,2.9,0.0,75,61,9.6,NW,8,0,0,0,0,0,0
292,18-Oct-16,21.8,23.6,20.0,5.3,0.0,66,63,2.1,N,13,0,0,0,0,0,0
293,19-Oct-16,21.4,22.8,20.1,4.7,0.5,71,65,0.0,N,7,1,0,0,0,0,0
294,20-Oct-16,21.3,25.6,18.5,2.4,0.5,83,74,7.8,N,8,1,0,0,0,0,0
295,21-Oct-16,22.0,25.8,18.6,1.9,0.0,82,69,7.1,N,8,0,0,0,0,0,0
296,22-Oct-16,22.9,24.9,20.8,1.9,0.0,86,69,2.1,N,6,0,0,0,0,0,0
297,23-Oct-16,22.8,26.4,20.7,1.8,0.0,82,70,5.9,N,5,0,0,0,0,0,0
298,24-Oct-16,22.5,26.8,20.5,2.1,0.0,84,77,5.6,E,6,0,0,0,0,0,0
299,25-Oct-16,21.0,22.0,19.1,0.2,9.4,97,93,0.0,NW,9,1,0,0,0,1,1
300,26-Oct-16,22.0,25.6,20.5,0.4,0.1,95,87,3.9,NW,9,1,0,0,0,0,0
301,27-Oct-16,22.0,26.1,20.2,1.6,0.0,81,74,8.8,N,6,0,0,0,0,0,0
302,28-Oct-16,21.2,23.8,19.2,2.1,0.0,83,72,3.4,N,5,0,0,0,0,0,0
303,29-Oct-16,21.6,25.5,19.5,2.4,7.7,84,64,8.2,NE,8,1,0,0,0,0,0
304,30-Oct-16,16.6,19.5,15.6,0.6,5.6,94,92,0.0,NNE,12,1,1,0,0,0,0
305,31-Oct-16,17.9,20.1,16.1,0.3,21.5,96,90,0.0,NNE,8,1,0,0,0,1,0
306,1-Nov-16,15.9,17.2,15.2,0.7,8.5,92,88,0.0,N,11,1,0,0,0,1,0
307,2-Nov-16,15.5,17.1,14.6,1.6,0.1,86,85,0.9,N,10,1,0,0,0,0,0
308,3-Nov-16,15.8,19.0,13.6,1.6,0.0,84,80,2.8,NNW,13,0,0,0,0,0,0
309,4-Nov-16,16.6,19.7,14.8,1.7,0.0,85,80,5.0,NNE,6,0,0,0,0,0,0
310,5-Nov-16,18.2,22.0,15.6,1.4,0.0,81,72,5.2,N,5,0,0,0,0,0,0
311,6-Nov-16,18.9,22.0,16.8,0.9,0.0,93,79,1.1,N,8,0,0,0,0,0,0
312,7-Nov-16,19.3,19.9,18.6,0.3,8.2,95,89,0.0,NE,7,1,0,0,0,0,0
313,8-Nov-16,17.6,20.4,13.4,0.8,11.5,91,85,0.0,NNE,13,1,1,0,0,0,0
314,9-Nov-16,11.3,13.6,10.4,0.4,13.0,96,95,0.0,NNE,12,1,0,0,0,0,0
315,10-Nov-16,10.1,11.6,9.3,0.4,5.1,99,96,0.0,NNE,12,1,0,0,0,0,0
316,11-Nov-16,13.0,17.2,10.5,0.9,0.1,94,87,2.8,N,8,1,0,0,0,0,0
317,12-Nov-16,16.0,18.2,13.6,0.1,0.0,98,96,0.7,N,6,0,0,0,0,0,0
318,13-Nov-16,19.4,21.0,17.5,0.0,0.4,97,87,1.6,SW,7,1,1,0,0,0,0
319,14-Nov-16,19.4,20.3,18.5,0.0,0.2,100,99,0.0,W,6,1,0,0,0,0,0
320,15-Nov-16,20.2,24.4,19.0,0.5,0.6,94,84,3.6,SW,4,1,0,0,0,0,0
321,16-Nov-16,19.9,23.5,18.6,1.7,0.0,80,74,7.2,SSE,5,0,0,0,0,0,0
322,17-Nov-16,19.4,23.4,17.7,1.4,0.0,88,72,6.4,SE,6,0,0,0,0,0,0
323,18-Nov-16,19.4,23.3,17.6,2.0,0.0,83,76,5.8,ESE,5,0,0,0,0,0,0
324,19-Nov-16,20.2,24.2,18.3,1.3,0.0,93,82,6.5,ESE,5,0,0,0,0,0,0
325,20-Nov-16,20.2,24.1,19.2,1.1,0.0,86,83,5.3,SE,5,0,0,0,0,0,0
326,21-Nov-16,20.7,24.7,19.2,1.2,0.2,92,82,4.6,WSW,4,1,0,0,0,0,0
327,22-Nov-16,21.2,24.2,19.1,1.2,0.0,90,78,5.0,SE,5,0,0,0,0,0,0
328,23-Nov-16,20.6,25.8,19.0,0.9,1.3,93,78,5.4,ENE,9,1,0,0,0,0,0
329,24-Nov-16,13.1,18.9,11.9,0.4,1.3,97,90,0.0,NE,13,1,1,0,0,0,0
330,25-Nov-16,13.5,14.2,12.6,1.0,0.2,100,99,0.0,E,13,1,0,0,0,0,0
331,26-Nov-16,12.6,14.5,10.3,0.8,2.0,87,70,1.1,E,14,1,0,0,0,0,0
332,27-Nov-16,13.4,17.8,10.5,3.2,0.0,62,50,9.7,SW,12,0,0,0,0,0,0
333,28-Nov-16,13.4,17.6,11.0,5.0,0.0,61,56,9.6,WNW,11,0,0,0,0,0,0
334,29-Nov-16,13.3,15.2,11.3,2.6,0.0,75,66,0.0,SSE,9,0,0,0,0,0,0
335,30-Nov-16,13.3,15.8,12.0,4.0,0.0,70,62,2.3,SSW,9,0,0,0,0,0,0
336,1-Dec-16,13.2,18.5,10.2,2.5,0.0,71,67,8.6,SW,9,0,0,0,0,0,0
337,2-Dec-16,14.6,19.4,12.4,3.8,0.0,65,62,9.6,S,6,0,0,0,0,0,0
338,3-Dec-16,16.0,19.3,13.8,2.1,0.0,77,70,3.1,NNW,6,0,0,0,0,0,0
339,4-Dec-16,16.6,20.4,14.6,1.9,0.0,81,79,4.9,SE,3,0,0,0,0,0,0
340,5-Dec-16,17.2,20.1,15.5,1.3,0.0,85,79,0.9,ENE,6,0,0,0,0,0,0
341,6-Dec-16,16.4,20.1,15.1,4.0,0.0,63,47,8.1,NNW,12,0,0,0,0,0,0
342,7-Dec-16,15.7,19.4,13.4,5.4,0.0,50,45,9.7,WNW,10,0,0,0,0,0,0
343,8-Dec-16,16.3,20.3,14.8,6.0,0.0,51,38,7.4,NNW,8,0,0,0,0,0,0
344,9-Dec-16,15.2,19.8,12.8,3.2,0.0,69,61,9.3,NNW,5,0,0,0,0,0,0
345,10-Dec-16,14.7,18.6,12.9,2.4,0.0,77,71,8.2,N,8,0,0,0,0,0,0
346,11-Dec-16,14.9,19.4,12.8,1.9,0.0,82,65,8.5,S,7,0,0,0,0,0,0
347,12-Dec-16,17.4,22.6,14.5,1.9,0.0,88,63,8.7,N,7,0,0,0,0,0,0
348,13-Dec-16,18.9,22.6,16.8,0.8,0.2,92,76,5.0,ESE,6,1,0,0,1,0,0
349,14-Dec-16,15.7,18.8,12.8,0.8,0.1,95,92,0.1,NE,11,1,0,0,0,0,0
350,15-Dec-16,10.9,12.9,10.0,1.1,2.3,88,78,0.0,NE,12,1,0,0,0,0,0
351,16-Dec-16,10.9,13.2,9.3,2.9,1.2,67,64,0.9,N,14,1,0,0,0,0,0
352,17-Dec-16,11.5,15.5,8.9,3.4,0.0,60,51,8.5,N,5,0,0,0,0,0,0
353,18-Dec-16,13.1,14.8,11.6,0.9,0.0,90,66,0.0,NNW,5,0,0,0,0,0,0
354,19-Dec-16,15.3,16.5,14.6,0.1,0.2,98,97,0.0,SW,6,1,0,0,0,0,0
355,20-Dec-16,16.9,18.0,16.4,0.0,1.3,100,98,0.6,WSW,7,1,0,0,1,1,0
356,21-Dec-16,18.0,21.2,17.3,0.2,0.3,98,92,4.2,WSW,9,1,0,0,0,0,0
357,22-Dec-16,15.1,16.6,13.4,1.0,1.2,90,83,2.9,NE,13,1,1,0,0,0,0
358,23-Dec-16,14.6,17.6,12.5,1.5,0.0,81,73,6.3,NE,6,0,0,0,0,0,0
359,24-Dec-16,15.0,16.4,13.3,0.8,0.0,97,92,0.0,N,6,0,0,0,0,0,0
360,25-Dec-16,16.6,18.5,15.7,0.1,0.0,98,98,1.4,SSE,7,0,0,0,0,1,0
361,26-Dec-16,17.6,20.6,16.5,0.3,0.1,96,91,1.7,SSE,7,1,0,0,0,0,0
362,27-Dec-16,12.1,18.3,10.3,3.0,11.4,68,56,4.5,NE,15,1,0,0,0,1,0
363,28-Dec-16,9.8,13.0,7.7,3.0,0.0,69,62,3.4,NE,12,0,0,0,0,0,0
364,29-Dec-16,11.7,15.7,8.5,3.6,0.0,67,60,9.0,N,11,0,0,0,0,0,0
365,30-Dec-16,11.6,15.1,9.4,2.8,0.0,69,56,7.0,N,7,0,0,0,0,0,0
366,31-Dec-16,12.7,15.1,9.5,2.1,0.0,74,67,0.1,NE,,0,0,0,0,0,0
367,1-Jan-17,13.7,15.0,12.6,1.0,5.0,88,73,0.0,SSE,6,1,0,0,0,0,0
368,2-Jan-17,15.4,16.8,13.2,0.4,0.8,95,86,0.0,WSW,6,1,0,1,0,0,0
369,3-Jan-17,16.6,18.4,15.9,0.7,0.0,89,85,0.3,N,7,0,0,0,0,0,0
370,4-Jan-17,16.7,20.8,15.7,2.3,0.0,77,60,4.4,NE,5,0,0,0,0,0,0
371,5-Jan-17,15.8,17.0,14.9,1.2,1.5,83,73,0.0,NW,5,1,0,0,0,0,0
372,6-Jan-17,16.5,23.5,14.8,1.6,0.0,75,66,0.1,N,9,0,0,0,0,0,0
373,7-Jan-17,16.8,20.6,15.2,1.5,0.0,86,82,3.9,NW,9,0,0,0,0,0,0
374,8-Jan-17,16.7,19.0,15.9,0.7,0.0,94,83,1.6,SSE,5,0,0,0,0,0,0
375,9-Jan-17,16.5,17.4,15.8,0.4,0.6,99,98,0.0,SSW,6,1,0,1,1,0,0
376,10-Jan-17,13.9,16.8,15.3,0.1,51.5,100,98,0.0,NW,6,1,0,1,1,0,0
377,11-Jan-17,16.6,16.9,15.5,0.0,61.3,99,99,0.0,NE,7,1,1,0,0,0,0
378,12-Jan-17,10.9,16.2,8.2,0.2,50.5,93,89,0.0,NNE,13,1,1,0,0,0,0
379,13-Jan-17,8.7,9.9,7.3,0.4,16.9,96,93,0.0,NW,12,1,0,0,0,0,0
380,14-Jan-17,10.1,12.3,8.6,0.1,0.4,99,97,0.0,NE,7,1,0,0,1,0,0
381,15-Jan-17,11.3,12.7,10.9,0.2,0.4,99,97,0.0,NW,5,1,0,0,1,0,0
382,16-Jan-17,11.7,12.6,10.0,0.0,0.4,99,98,0.0,SSW,6,1,0,1,1,0,0
383,17-Jan-17,12.4,13.0,11.6,0.0,1.5,99,98,0.0,WSW,5,1,0,1,1,0,0
384,18-Jan-17,13.4,15.1,12.4,0.1,0.8,98,95,0.5,NW,5,1,0,0,1,0,0
385,19-Jan-17,14.2,15.4,13.8,0.0,1.8,99,98,0.0,NE,6,1,0,1,0,0,0
386,20-Jan-17,12.7,14.7,9.6,0.4,0.0,92,87,0.6,NE,10,0,0,0,1,0,0
387,21-Jan-17,10.5,12.0,9.8,0.3,0.5,94,84,0.0,NE,8,1,0,1,0,0,0
388,22-Jan-17,10.6,15.0,9.2,1.4,0.0,88,80,3.3,NE,7,0,0,0,0,0,0
389,23-Jan-17,11.4,15.2,10.3,0.8,0.0,89,80,1.9,NE,7,0,0,0,0,0,0
390,24-Jan-17,12.5,16.7,10.2,2.2,0.0,79,71,6.7,NE,5,0,0,0,0,0,0
391,25-Jan-17,14.5,17.6,12.8,0.9,0.0,84,74,1.5,NE,5,0,0,0,0,0,0
392,26-Jan-17,13.8,17.2,12.6,1.2,0.0,90,85,2.4,SE,5,0,0,0,1,0,0
393,27-Jan-17,13.8,16.7,12.1,2.3,0.0,84,61,1.8,E,7,0,0,0,0,0,0
394,28-Jan-17,13.9,18.0,11.8,2.2,0.0,81,66,9.0,SW,6,0,0,0,0,0,0
395,29-Jan-17,14.5,17.8,13.1,0.5,0.0,84,73,4.6,SSE,7,0,0,0,0,0,0
396,30-Jan-17,15.6,18.3,13.1,1.1,0.0,83,75,4.5,NE,7,0,0,0,0,0,0
397,31-Jan-17,14.6,16.2,13.8,1.3,0.0,87,82,1.3,ESE,7,0,0,0,0,0,0
398,1-Feb-17,14.3,15.7,13.4,0.5,0.0,89,80,0.0,ESE,5,0,0,0,0,0,0
399,2-Feb-17,14.7,17.5,14.1,1.3,0.0,93,80,1.0,SE,6,0,0,0,0,0,0
400,3-Feb-17,14.1,15.5,13.2,0.1,0.2,98,92,0.0,SW,6,1,0,1,1,0,0
401,4-Feb-17,15.4,18.0,14.3,0.1,17.5,94,79,2.7,SW,7,1,1,0,0,0,0
402,5-Feb-17,14.6,19.5,13.5,0.6,0.1,94,79,3.1,NW,5,1,0,1,0,0,0
403,6-Feb-17,13.9,14.9,11.8,0.4,0.5,96,90,0.2,ENE,8,1,0,0,1,0,0
404,7-Feb-17,14.7,16.0,13.4,0.0,0.8,99,97,0.7,NNW,9,1,0,0,1,0,0
405,8-Feb-17,14.6,18.7,11.4,0.7,3.0,96,84,1.5,NNE,13,1,0,0,0,0,0
406,9-Feb-17,9.6,11.6,8.5,2.3,0.0,74,69,0.0,NNE,14,0,0,0,0,0,0
407,10-Feb-17,8.0,9.0,6.5,1.8,0.0,75,68,0.0,NNE,11,0,0,0,0,0,0
408,11-Feb-17,7.9,10.2,6.1,2.3,0.0,77,73,0.9,NNE,11,0,0,0,0,0,0
409,12-Feb-17,8.9,12.0,7.5,2.0,0.0,76,66,0.2,NNE,8,0,0,0,0,0,0
410,13-Feb-17,10.7,15.4,7.7,1.9,0.0,73,57,5.8,NNE,5,0,0,0,0,0,0
411,14-Feb-17,11.8,14.3,10.2,1.9,0.0,81,68,0.0,N,7,0,0,0,0,0,0
412,15-Feb-17,12.9,14.7,11.3,0.5,0.0,92,80,0.2,N,5,0,0,0,0,0,0
413,16-Feb-17,14.6,19.4,12.8,1.2,0.6,93,82,6.7,NE,5,1,1,0,1,0,0
414,17-Feb-17,15.0,20.0,13.4,1.3,0.0,90,82,4.2,N,7,0,0,0,0,0,0
415,18-Feb-17,15.8,18.7,14.6,1.7,0.0,83,77,4.3,ENE,6,0,0,0,0,0,0
416,19-Feb-17,16.1,20.9,13.8,4.0,0.0,67,50,9.9,NNE,6,0,0,0,0,0,0
417,20-Feb-17,15.3,16.8,13.9,0.2,0.2,100,99,0.3,NE,8,1,0,1,1,0,0
418,21-Feb-17,17.0,18.0,15.8,0.1,0.7,99,98,2.4,NE,5,1,0,0,1,0,0
419,22-Feb-17,18.3,22.4,17.1,0.2,0.1,99,97,0.0,NW,5,1,0,0,0,0,0
420,23-Feb-17,17.4,19.1,14.3,0.2,1.4,99,97,0.0,NNE,7,1,0,1,0,0,0
421,24-Feb-17,8.5,14.9,7.6,0.6,0.2,96,93,0.0,NNE,8,1,0,1,1,0,0
422,25-Feb-17,7.6,8.6,7.0,0.9,0.6,93,82,0.0,NNE,9,1,0,0,0,0,0
423,26-Feb-17,9.1,11.5,6.7,1.1,0.2,74,72,0.3,NNE,10,1,0,1,0,0,0
424,27-Feb-17,10.2,12.0,8.8,2.1,0.0,69,64,0.0,N,7,0,0,0,0,0,0
425,28-Feb-17,10.7,11.4,10.1,1.1,0.0,88,75,0.0,N,5,0,0,0,0,0,0
426,1-Mar-17,11.2,13.1,9.5,1.1,3.3,82,67,0.0,NNE,11,1,0,1,0,0,0
427,2-Mar-17,13.3,16.3,12.5,3.0,0.0,71,63,3.1,N,8,0,0,0,0,0,0
428,3-Mar-17,13.6,18.2,11.1,2.7,0.0,80,70,6.7,N,6,0,0,0,0,0,0
429,4-Mar-17,15.0,16.0,13.8,0.8,0.8,95,89,0.0,WNW,6,1,1,0,0,1,0
430,5-Mar-17,16.3,17.3,15.2,0.2,0.1,98,96,0.0,W,5,1,0,0,1,0,0
431,6-Mar-17,16.3,17.0,14.8,0.0,0.9,98,96,0.0,NE,8,1,0,0,1,0,0
432,7-Mar-17,14.5,15.8,13.7,0.0,2.9,99,97,0.0,ESE,6,1,1,0,1,0,0
433,8-Mar-17,11.6,14.0,10.4,0.3,1.8,97,90,0.0,N,7,1,1,0,0,0,0
434,9-Mar-17,12.1,12.9,11.0,0.1,3.3,99,90,0.0,N,7,1,0,0,0,0,0
435,10-Mar-17,15.0,21.7,12.5,0.3,1.9,97,91,5.0,N,7,1,0,0,0,0,0
436,11-Mar-17,17.3,19.4,14.9,0.6,0.1,94,85,0.5,NE,5,1,0,1,0,0,0
437,12-Mar-17,17.8,18.6,17.0,0.0,4.4,100,99,0.0,NNE,7,1,0,0,0,1,0
438,13-Mar-17,19.5,27.6,18.1,0.2,3.6,98,95,3.9,NE,7,1,0,0,0,0,0
439,14-Mar-17,19.3,22.0,18.0,0.6,0.0,96,91,2.9,NE,7,0,0,0,0,0,0
440,15-Mar-17,17.1,18.8,15.8,0.0,0.5,100,99,0.0,ESE,7,1,0,0,0,0,0
441,16-Mar-17,17.6,18.0,17.0,0.0,8.2,100,100,0.0,SW,8,1,0,0,0,0,0
442,17-Mar-17,17.6,18.0,17.0,0.0,10.6,99,98,0.0,SW,8,1,0,0,0,0,0
443,18-Mar-17,19.0,20.0,17.8,0.2,4.8,100,99,0.6,S,6,1,1,0,0,0,0
444,19-Mar-17,19.0,19.6,18.0,0.1,7.6,100,100,0.2,SW,9,1,0,0,0,0,0
445,20-Mar-17,19.3,19.9,18.8,0.1,9.5,99,98,0.0,SW,8,1,0,0,0,1,0
446,21-Mar-17,18.5,20.3,17.8,0.0,10.7,99,98,2.3,WSW,10,1,1,0,0,0,0
447,22-Mar-17,19.2,23.0,17.2,0.3,0.0,99,98,3.1,SSW,8,0,0,0,0,0,0
448,23-Mar-17,19.3,20.8,18.5,0.3,0.8,99,98,2.6,WSW,6,1,0,0,0,1,0
449,24-Mar-17,19.3,20.0,18.8,0.1,0.7,100,98,0.0,WSW,7,1,0,0,0,0,0
450,25-Mar-17,16.1,19.0,12.9,0.4,0.7,92,84,0.2,ENE,13,1,0,0,0,0,0
451,26-Mar-17,11.6,13.0,9.6,2.5,2.2,76,71,0.0,NE,14,1,1,0,0,0,0
452,27-Mar-17,11.7,13.5,10.6,1.1,0.0,86,75,0.0,E,5,0,0,0,0,0,0
453,28-Mar-17,15.4,19.7,11.3,1.7,1.1,90,82,5.5,W,6,1,0,0,0,0,0
454,29-Mar-17,17.7,20.2,15.1,0.1,1.8,97,90,1.3,SSE,7,1,0,0,0,0,0
455,30-Mar-17,18.6,20.6,17.2,0.2,0.3,98,93,0.4,SW,7,1,0,0,0,0,0
456,31-Mar-17,16.6,19.2,14.1,0.5,28.9,95,85,0.0,ENE,13,1,0,0,0,0,0
457,1-Apr-17,15.4,18.9,13.0,3.8,0.0,68,62,8.1,E,8,0,0,0,0,0,0
458,2-Apr-17,15.1,17.2,12.5,3.1,0.0,75,68,3.6,E,5,0,0,0,0,0,0
459,3-Apr-17,15.8,19.5,14.0,2.0,0.0,90,79,1.9,SW,6,0,0,0,0,0,0
460,4-Apr-17,16.5,17.5,15.5,0.4,0.0,98,98,0.0,SSW,8,0,0,0,0,0,0
461,5-Apr-17,16.7,18.0,15.5,0.2,0.2,98,96,0.0,SW,6,1,0,0,0,0,0
462,6-Apr-17,21.0,21.5,17.0,2.5,1.3,95,91,1.6,SW,6,1,1,0,0,0,0
463,7-Apr-17,19.9,20.6,19.1,0.7,2.3,99,98,0.0,ESE,6,1,0,0,0,0,0
464,8-Apr-17,21.8,26.1,19.1,0.5,3.8,97,92,3.5,SE,7,1,0,0,0,1,0
465,9-Apr-17,23.1,27.0,21.0,1.5,0.3,93,81,10.0,W,6,1,0,0,0,0,0
466,10-Apr-17,26.1,30.1,23.4,4.5,0.0,70,60,10.0,W,6,0,0,0,0,0,0
467,11-Apr-17,27.3,30.6,25.6,4.5,0.0,65,60,9.5,NE,5,0,0,0,0,0,0
468,12-Apr-17,17.3,26.2,15.0,2.3,7.2,92,85,0.0,ESE,15,1,1,0,0,1,0
469,13-Apr-17,16.9,18.8,15.6,3.7,0.1,75,67,0.5,E,12,1,0,0,0,0,0
470,14-Apr-17,17.5,20.1,15.2,1.7,0.0,89,79,2.6,SW,5,0,0,0,0,0,0
471,15-Apr-17,19.4,22.4,18.0,0.5,0.0,98,94,1.6,SSW,5,0,0,0,0,0,0
472,16-Apr-17,20.2,21.5,19.5,0.0,1.6,99,97,0.2,E,5,1,1,0,0,0,0
473,17-Apr-17,20.3,22.2,19.6,0.1,19.5,100,100,1.0,SW,5,1,1,0,0,0,0
474,18-Apr-17,18.8,20.7,17.3,0.0,49.5,100,98,0.0,ENE,9,1,0,0,0,1,0
475,19-Apr-17,21.0,26.5,19.5,1.3,2.8,95,84,8.0,WSW,5,1,0,0,0,0,0
476,20-Apr-17,23.6,27.7,20.7,2.0,0.0,86,62,8.2,WSW,7,0,0,0,0,0,0
477,21-Apr-17,22.8,28.1,17.7,3.2,12.8,85,72,9.0,ENE,15,1,1,0,0,0,0
478,22-Apr-17,15.2,17.8,13.8,1.9,6.2,86,82,0.7,NE,11,1,1,0,0,0,0
479,23-Apr-17,15.3,16.6,14.4,0.8,2.2,88,80,0.0,E,5,1,0,0,0,0,0
480,24-Apr-17,16.0,17.3,14.7,0.2,1.5,97,95,0.0,SE,6,1,0,0,0,0,0
481,25-Apr-17,18.5,20.3,17.2,0.2,2.1,98,96,8.0,SSE,4,1,0,0,0,0,0
482,26-Apr-17,20.0,22.7,19.0,0.0,0.1,96,90,0.5,ESE,5,1,0,0,0,0,0
483,27-Apr-17,17.9,20.8,16.3,2.5,7.4,88,80,0.2,NE,13,1,0,0,0,0,0
484,28-Apr-17,16.5,18.5,15.4,1.8,0.0,76,68,1.4,E,11,0,0,0,0,0,0
485,29-Apr-17,18.2,21.7,15.6,1.8,0.0,81,74,6.6,WSW,5,0,0,0,0,0,0
486,30-Apr-17,19.1,21.9,17.5,0.8,0.0,96,90,0.9,ESE,7,0,0,0,0,0,0
487,1-May-17,21.6,24.8,19.7,0.5,0.3,90,76,4.5,SW,4,1,0,0,0,0,0
488,2-May-17,22.2,25.8,20.4,0.3,0.1,91,84,4.1,ESE,7,1,0,0,0,0,0
489,3-May-17,24.4,28.4,20.9,1.2,0.0,87,82,9.8,SSE,6,0,0,0,0,0,0
490,4-May-17,23.8,25.8,21.6,2.6,0.0,77,70,9.3,NE,8,0,0,0,0,0,0
491,5-May-17,21.4,24.0,20.0,1.7,0.2,86,76,0.7,NE,8,1,0,0,0,0,0
492,6-May-17,20.4,23.2,19.5,0.4,5.5,95,85,1.3,SSE,11,1,1,0,0,0,0
493,7-May-17,21.6,25.8,19.9,0.9,0.0,93,83,6.1,SW,6,0,0,0,0,0,0
494,8-May-17,22.1,25.5,19.8,0.9,0.1,96,88,4.3,ESE,8,1,0,0,0,0,0
495,9-May-17,21.9,24.2,18.6,1.4,8.8,91,88,2.2,NE,11,1,0,0,0,1,0
496,10-May-17,22.0,25.3,19.7,1.0,0.0,91,83,6.3,SW,6,0,0,0,0,0,0
497,11-May-17,21.8,25.7,19.7,0.8,12.4,95,85,7.7,SW,9,1,1,0,0,1,0
498,12-May-17,21.3,22.3,17.6,1.4,18.5,90,73,4.5,NE,14,1,0,0,0,0,0
499,13-May-17,21.1,24.2,18.4,1.8,0.0,86,83,4.0,SW,6,0,0,0,0,0,0
500,14-May-17,21.9,24.5,20.2,1.2,7.6,88,79,5.2,WSW,10,1,1,0,0,0,0
501,15-May-17,21.7,24.2,20.2,0.9,8.5,94,88,3.0,WSW,9,1,0,0,0,1,0
502,16-May-17,21.5,25.6,19.4,3.8,4.3,71,53,10.3,NW,6,1,0,0,0,1,0
503,17-May-17,19.4,22.3,16.7,3.1,3.6,76,60,0.0,E,8,1,1,0,0,0,0
504,18-May-17,17.2,18.2,16.0,1.3,10.2,91,85,0.0,NE,6,1,0,0,0,0,0
505,19-May-17,18.0,18.6,17.2,0.1,29.8,97,94,0.0,NE,8,1,1,0,0,0,0
506,20-May-17,19.9,23.5,18.2,1.3,3.7,97,89,3.0,NE,5,1,0,0,0,0,0
507,21-May-17,21.4,23.0,19.8,0.9,0.3,94,89,0.3,SE,7,1,0,0,0,0,0
508,22-May-17,22.7,26.0,21.4,0.6,4.4,97,96,2.2,ESE,6,1,0,0,0,0,0
509,23-May-17,24.0,27.0,21.7,0.6,3.8,96,90,3.1,ESE,6,1,0,0,0,0,0
510,24-May-17,22.1,25.3,20.4,1.0,3.3,94,88,0.6,ENE,10,1,0,0,0,0,0
511,25-May-17,19.7,21.7,17.6,2.6,0.0,78,68,1.5,ENE,12,0,0,0,0,0,0
512,26-May-17,20.8,25.4,18.7,6.0,0.0,53,42,10.5,NE,10,0,0,0,0,0,0
513,27-May-17,21.9,25.4,19.0,4.9,0.0,55,41,11.8,E,4,0,0,0,0,0,0
514,28-May-17,21.7,26.5,17.7,5.2,0.0,64,31,11.6,ESE,4,0,0,0,0,0,0
515,29-May-17,22.0,25.4,19.5,3.4,0.0,75,70,6.4,SW,4,0,0,0,0,0,0
516,30-May-17,21.9,24.6,19.6,2.1,0.0,88,76,3.0,E,7,0,0,0,0,0,0
517,31-May-17,24.0,28.6,21.6,1.4,0.0,90,82,7.5,ESE,7,0,0,0,0,0,0
518,1-Jun-17,26.1,30.3,23.2,5.7,0.0,72,63,7.6,WSW,8,0,0,0,0,0,0
519,2-Jun-17,27.8,31.7,25.1,8.2,0.0,61,58,8.4,WNW,8,0,0,0,0,0,0
520,3-Jun-17,28.6,33.1,25.5,14.3,0.0,56,50,11.1,WNW,8,0,0,0,0,0,0
521,4-Jun-17,28.6,32.7,26.0,31.4,0.0,55,49,11.6,WNW,8,0,0,0,0,0,0
522,5-Jun-17,28.4,33.5,25.1,8.0,0.0,60,50,11.6,WNW,8,0,0,0,0,0,0
523,6-Jun-17,25.0,28.2,21.4,7.0,85.9,79,70,2.9,NE,10,1,1,0,0,1,0
524,7-Jun-17,20.9,22.7,19.8,0.3,129.3,96,94,0.1,E,12,1,0,0,0,0,0
525,8-Jun-17,22.7,26.1,20.8,1.5,0.0,89,76,4.0,E,8,0,0,0,0,0,0
526,9-Jun-17,22.5,25.9,20.9,1.1,19.4,92,86,5.6,ESE,7,1,1,0,0,0,1
527,10-Jun-17,22.5,25.6,21.1,0.4,0.0,94,87,0.8,SE,6,0,0,0,0,0,0
528,11-Jun-17,23.8,26.8,21.7,1.3,0.3,93,85,3.4,SE,6,1,0,0,0,0,0
529,12-Jun-17,24.0,27.3,22.9,0.6,0.9,92,83,0.6,S,5,1,0,0,0,0,0
530,13-Jun-17,23.7,25.2,21.9,0.4,24.0,92,86,0.0,NE,4,1,0,0,0,1,0
531,14-Jun-17,23.4,24.8,22.5,1.0,0.0,92,89,0.0,SSW,5,0,0,0,0,0,0
532,15-Jun-17,23.9,25.8,21.7,1.4,3.9,93,84,3.2,WSW,7,1,1,0,0,0,0
533,16-Jun-17,25.2,26.6,23.4,2.6,0.0,80,73,0.0,S,4,0,0,0,0,0,0
534,17-Jun-17,21.3,25.2,20.8,1.3,1.1,89,83,0.0,NE,7,1,1,0,0,0,0
535,18-Jun-17,21.8,23.7,21.0,0.4,2.5,95,93,0.0,ESE,5,1,1,0,0,0,0
536,19-Jun-17,23.2,25.6,21.8,0.5,1.2,96,91,1.4,SE,4,1,0,0,0,0,0
537,20-Jun-17,23.7,25.4,22.0,1.1,0.0,91,85,1.2,SW,4,0,0,0,0,0,0
538,21-Jun-17,24.6,27.9,22.6,1.6,0.0,85,68,4.8,SE,5,0,0,0,0,0,0
539,22-Jun-17,23.7,27.5,19.9,2.3,2.1,90,86,0.0,SW,6,1,1,0,0,0,0
540,23-Jun-17,24.0,25.2,19.5,1.0,10.4,93,87,0.0,SE,8,1,0,0,0,1,0
541,24-Jun-17,24.4,28.4,22.1,1.0,26.1,92,83,5.5,SE,6,1,0,0,0,0,0
542,25-Jun-17,23.7,25.9,22.5,0.8,11.5,91,86,0.0,SW,6,1,0,0,0,0,0
543,26-Jun-17,23.1,25.9,22.0,0.8,0.1,96,94,1.3,E,7,1,0,0,0,0,0
544,27-Jun-17,23.2,25.6,22.2,1.0,0.0,93,87,1.6,E,7,0,0,0,0,0,0
545,28-Jun-17,22.5,23.8,20.5,0.4,14.1,99,98,0.3,SE,8,1,1,0,0,0,1
546,29-Jun-17,22.2,26.1,19.9,0.8,80.4,96,94,1.8,SE,7,1,1,0,0,1,0
547,30-Jun-17,22.8,25.5,21.2,0.9,7.4,91,79,1.3,SE,5,1,0,0,0,0,0
548,1-Jul-17,23.3,25.0,22.5,1.2,0.4,88,80,0.1,SW,5,1,0,0,0,0,0
549,2-Jul-17,23.3,24.6,22.2,2.8,1.7,89,81,0.0,SW,6,1,0,0,0,0,0
550,3-Jul-17,22.4,23.6,21.5,0.8,4.8,94,92,0.0,SW,5,1,1,0,0,0,0
551,4-Jul-17,22.9,24.5,21.5,0.7,1.5,92,85,0.9,SW,6,1,0,0,0,0,0
552,5-Jul-17,22.0,23.2,20.2,0.4,35.1,97,95,0.0,SE,6,1,0,0,0,1,0
553,6-Jul-17,22.9,25.5,20.6,0.8,3.9,97,89,2.9,E,6,1,1,0,0,0,0
554,7-Jul-17,23.1,25.6,21.5,0.8,0.3,95,88,0.8,SE,7,1,0,0,0,0,0
555,8-Jul-17,22.7,25.8,21.3,0.9,67.3,91,81,2.6,SE,8,1,1,0,0,0,0
556,9-Jul-17,23.1,24.6,20.8,1.7,2.0,87,83,0.5,WNW,5,1,0,0,0,0,0
557,10-Jul-17,22.9,23.8,22.1,1.1,0.6,94,84,0.0,SW,5,1,0,0,0,0,0
558,11-Jul-17,22.4,24.2,21.0,0.7,41.0,95,89,3.5,ENE,8,1,0,0,0,1,1
559,12-Jul-17,21.5,23.0,20.7,1.1,65.2,98,91,2.2,W,8,1,0,0,0,1,0
560,13-Jul-17,22.6,25.2,21.1,1.8,6.3,93,87,4.1,E,5,1,0,0,0,0,0
561,14-Jul-17,23.0,24.6,21.1,0.8,5.7,91,80,0.4,E,7,1,0,0,0,0,0
562,15-Jul-17,22.5,24.0,21.2,1.3,6.3,89,85,0.4,ESE,7,1,0,0,0,0,0
563,16-Jul-17,22.3,23.8,21.6,1.0,24.4,96,94,0.0,NE,9,1,1,0,0,0,0
564,17-Jul-17,21.3,22.2,20.6,0.1,101.2,100,100,0.0,ENE,12,1,0,0,0,1,0
565,18-Jul-17,22.5,23.8,21.1,0.3,38.4,96,89,0.0,E,11,1,0,0,0,0,0
566,19-Jul-17,22.3,25.0,20.4,0.5,16.4,97,91,1.0,NW,6,1,0,0,0,0,0
567,20-Jul-17,21.4,22.0,20.6,0.7,10.4,100,100,0.0,W,6,1,1,0,0,0,0
568,21-Jul-17,21.3,22.1,20.2,0.4,50.5,99,96,0.0,WSW,7,1,1,0,0,0,0
569,22-Jul-17,23.1,26.2,20.3,1.7,0.0,86,76,7.8,ENE,4,0,0,0,0,0,0
570,23-Jul-17,23.8,26.7,22.1,0.9,0.0,89,84,5.2,WNW,4,0,0,0,0,0,0
571,24-Jul-17,23.9,27.8,21.5,2.3,0.0,84,79,5.5,E,4,0,0,0,0,0,0
572,25-Jul-17,23.4,26.3,21.8,1.3,8.4,86,77,2.2,NE,7,1,1,0,0,1,1
573,26-Jul-17,24.2,27.2,21.9,2.0,0.0,81,73,6.8,SE,4,0,0,0,0,0,0
574,27-Jul-17,24.3,27.3,21.8,1.7,0.0,86,79,8.7,NW,4,0,0,0,0,0,0
575,28-Jul-17,24.3,27.3,21.9,2.3,0.0,78,60,7.0,SE,5,0,0,0,0,0,0
576,29-Jul-17,25.3,29.8,22.2,2.4,0.0,81,64,9.8,NNE,4,0,0,0,0,0,0
577,30-Jul-17,26.2,29.7,23.7,2.1,0.0,85,78,8.1,W,4,0,0,0,0,0,0
578,31-Jul-17,25.8,29.7,22.0,2.1,0.0,84,80,7.4,NE,8,0,0,0,0,0,0
579,1-Aug-17,23.8,26.8,21.0,1.5,4.9,93,89,5.3,WSW,4,1,1,0,0,0,0
580,2-Aug-17,24.2,25.7,23.6,1.1,7.2,91,84,0.6,WNW,5,1,0,0,0,0,0
581,3-Aug-17,22.8,24.0,22.2,0.6,39.7,94,89,0.0,W,5,1,0,0,0,0,0
582,4-Aug-17,22.7,24.0,22.0,0.5,155.8,98,89,0.0,W,6,1,0,0,0,0,0
583,5-Aug-17,22.5,23.7,21.8,0.3,15.6,97,94,0.2,NE,7,1,0,0,0,0,0
584,6-Aug-17,24.0,27.2,21.3,0.6,23.2,93,84,3.6,NE,6,1,0,0,0,0,0
585,7-Aug-17,24.2,28.5,22.2,1.4,0.0,88,79,8.6,SW,7,0,0,0,0,0,0
586,8-Aug-17,25.5,28.8,22.8,2.6,0.0,81,74,10.0,S,5,0,0,0,0,0,0
587,9-Aug-17,25.7,28.2,22.7,3.0,0.0,80,74,6.2,SSW,5,0,0,0,0,0,0
588,10-Aug-17,24.9,26.8,22.3,2.5,6.7,85,81,1.9,SSE,5,1,1,0,0,1,0
589,11-Aug-17,25.5,28.2,24.0,2.3,0.0,86,80,7.0,SSE,6,0,0,0,0,0,0
590,12-Aug-17,25.2,28.0,23.5,2.0,0.0,81,77,3.6,S,6,0,0,0,0,0,0
591,13-Aug-17,24.7,25.7,23.2,2.2,0.0,86,81,0.0,SW,7,0,0,0,0,0,0
592,14-Aug-17,24.4,26.1,23.4,1.4,0.0,93,85,0.0,WSW,5,0,0,0,0,0,0
593,15-Aug-17,21.4,24.6,19.6,0.6,37.9,93,88,0.0,W,9,1,1,0,0,1,1
594,16-Aug-17,21.2,22.9,19.7,0.2,22.8,99,88,0.0,S,7,1,0,0,0,0,0
595,17-Aug-17,21.0,22.1,20.1,0.1,44.8,94,90,0.0,NNE,10,1,0,0,0,0,0
596,18-Aug-17,22.1,23.9,21.0,0.9,9.5,92,80,0.7,NE,6,1,0,0,0,1,0
597,19-Aug-17,22.7,26.0,20.9,1.2,0.1,89,80,3.3,NE,6,1,0,0,0,0,0
598,20-Aug-17,23.3,27.8,21.3,2.4,0.0,85,82,7.6,SW,4,0,0,0,0,0,0
599,21-Aug-17,24.0,27.4,22.3,2.8,0.0,84,75,9.8,SSE,4,0,0,0,0,0,0
600,22-Aug-17,24.6,28.3,21.5,1.6,0.0,83,66,8.9,ESE,4,0,0,0,0,0,0
601,23-Aug-17,24.3,26.6,23.1,1.5,7.7,88,83,1.9,WSW,5,1,1,0,0,1,0
602,24-Aug-17,21.3,24.0,20.0,1.1,65.8,96,83,0.0,NE,13,1,0,0,0,0,0
603,25-Aug-17,22.2,23.3,20.7,0.4,61.0,98,96,0.1,SW,10,1,0,0,0,1,0
604,26-Aug-17,22.1,25.2,21.0,2.3,13.2,91,88,5.1,NE,10,1,0,0,0,0,0
605,27-Aug-17,22.9,26.2,21.4,3.7,0.1,86,63,5.2,NE,5,1,0,0,0,0,0
606,28-Aug-17,23.0,26.2,20.8,1.6,2.4,93,89,7.0,WSW,8,1,0,0,0,0,0
607,29-Aug-17,21.4,23.3,20.8,0.7,34.3,95,90,0.0,SW,8,1,0,0,0,0,0
608,30-Aug-17,20.8,21.7,20.1,0.4,11.6,97,89,0.0,NW,8,1,0,0,0,0,0
609,31-Aug-17,22.8,25.6,21.2,1.6,0.3,90,81,2.8,NNE,5,1,0,0,0,0,0
610,1-Sep-17,24.2,26.2,22.4,1.3,0.0,90,81,5.2,WSW,5,0,0,0,0,0,0
611,2-Sep-17,24.3,26.9,22.8,1.4,0.0,87,79,5.6,SW,6,0,0,0,0,0,0
612,3-Sep-17,23.8,24.9,23.1,0.7,9.5,95,93,0.0,ESE,6,1,0,0,1,0,0
613,4-Sep-17,23.8,26.4,22.7,0.9,15.8,96,95,0.9,NE,5,1,0,0,0,0,0
614,5-Sep-17,24.0,26.1,22.6,0.6,4.9,94,91,2.7,NE,5,1,0,0,0,0,0
615,6-Sep-17,23.7,25.2,22.4,0.8,0.0,91,85,0.5,E,4,0,0,0,0,0,0
616,7-Sep-17,23.1,25.1,21.0,1.5,17.5,94,90,2.0,NE,4,1,0,0,0,0,0
617,8-Sep-17,23.3,25.6,21.8,0.2,0.0,89,83,1.2,NE,5,0,0,0,0,0,0
618,9-Sep-17,23.4,25.4,22.6,0.5,0.0,96,90,0.9,WSW,5,0,0,0,0,0,0
619,10-Sep-17,23.3,26.6,20.8,0.7,3.4,94,86,3.5,SSE,6,1,1,0,0,0,0
620,11-Sep-17,22.6,24.6,20.4,1.2,52.3,87,70,2.7,SE,6,1,0,0,0,0,0
621,12-Sep-17,23.0,24.4,21.2,1.3,4.8,88,85,2.2,NE,6,1,0,0,0,0,0
622,13-Sep-17,23.0,26.0,21.5,1.5,0.0,88,83,6.0,NNE,4,0,0,0,0,0,0
623,14-Sep-17,23.5,26.0,21.9,1.6,7.4,88,76,3.4,NE,8,1,0,0,0,0,0
624,15-Sep-17,21.4,23.8,20.0,1.5,24.5,94,85,0.0,SSE,8,1,0,0,0,0,0
625,16-Sep-17,20.9,22.3,19.9,0.5,137.0,97,89,0.0,ENE,12,1,0,0,0,0,0
626,17-Sep-17,22.2,24.8,21.1,0.7,0.1,92,84,4.1,NE,4,1,0,0,0,0,0
627,18-Sep-17,24.0,27.8,21.8,1.0,0.0,93,87,7.7,W,3,0,0,0,0,0,0
628,19-Sep-17,24.6,28.9,23.4,1.1,0.0,95,91,6.6,SE,4,0,0,0,0,0,0
629,20-Sep-17,24.0,27.0,22.2,1.3,0.0,89,77,4.4,WSW,8,0,0,0,0,0,0
630,21-Sep-17,23.1,25.6,21.5,1.3,0.0,93,88,1.6,NE,4,0,0,0,0,0,0
631,22-Sep-17,23.1,24.8,22.0,0.9,0.8,90,86,3.0,ENE,5,0,1,0,0,0,0
632,23-Sep-17,22.8,25.2,21.1,1.3,0.0,90,85,0.4,ESE,4,0,0,0,0,0,0
633,24-Sep-17,23.1,26.0,21.3,1.2,0.0,93,83,2.4,SE,4,0,0,0,0,0,0
634,25-Sep-17,22.6,24.0,21.7,0.9,54.7,97,83,0.0,NE,9,1,1,0,0,1,0
635,26-Sep-17,22.5,25.6,20.8,0.8,17.4,92,80,2.0,WSW,8,1,0,0,0,0,0
636,27-Sep-17,23.1,26.2,21.9,1.3,0.0,90,86,3.2,ESE,6,0,0,0,0,0,0
637,28-Sep-17,23.4,26.8,21.2,1.3,0.0,89,80,5.4,ESE,5,0,0,0,0,0,0
638,29-Sep-17,23.5,26.4,21.5,1.5,0.0,79,66,4.0,ENE,5,0,0,0,0,0,0
639,30-Sep-17,22.3,25.0,20.3,0.9,0.2,94,91,0.7,NE,6,1,1,0,0,0,0
640,1-Oct-17,22.4,25.3,20.5,1.4,1.8,91,82,6.2,ESE,7,1,0,0,0,0,0
641,2-Oct-17,23.1,26.3,21.5,0.9,0.0,88,80,3.9,NE,8,0,0,0,0,0,0
642,3-Oct-17,21.7,24.0,20.7,1.0,42.0,90,83,0.7,NE,7,1,1,0,0,1,0
643,4-Oct-17,22.4,25.1,21.2,0.9,13.9,90,83,1.7,ENE,9,1,0,0,0,0,0
644,5-Oct-17,22.1,23.6,20.0,1.2,40.0,85,78,2.0,NNE,5,1,0,0,0,0,0
645,6-Oct-17,21.5,23.5,20.4,1.2,0.0,90,79,1.7,ENE,7,0,0,0,0,0,0
646,7-Oct-17,19.9,20.8,19.3,0.4,10.5,96,93,1.3,NE,8,1,1,0,0,0,0
647,8-Oct-17,21.1,24.1,19.5,0.7,10.3,93,86,2.0,ENE,6,1,0,0,0,0,0
648,9-Oct-17,23.2,26.8,21.5,1.8,0.0,87,82,4.7,SE,5,0,0,0,0,0,0
649,10-Oct-17,21.0,23.9,20.7,0.2,21.4,99,97,0.0,E,10,1,1,0,0,0,0
650,11-Oct-17,20.7,22.0,20.0,0.0,43.5,98,95,0.0,NE,12,1,0,0,0,0,0
651,12-Oct-17,21.7,24.3,19.9,0.2,26.2,96,92,2.5,SE,7,1,0,0,0,0,0
652,13-Oct-17,19.7,21.8,18.4,0.5,4.5,100,99,1.0,NE,7,1,0,0,0,0,0
653,14-Oct-17,19.6,22.7,17.7,1.2,0.0,88,82,7.5,SW,4,0,0,0,0,0,0
654,15-Oct-17,19.8,23.0,17.8,3.5,0.0,76,75,8.5,NE,9,0,0,0,0,0,0
655,16-Oct-17,16.2,19.0,13.9,1.9,19.2,87,71,0.0,SW,8,1,0,0,0,1,0
656,17-Oct-17,14.2,15.6,13.0,0.8,23.2,96,92,0.2,NE,10,1,0,0,0,0,0
657,18-Oct-17,15.5,17.3,14.2,0.4,5.0,98,96,0.0,NE,10,1,0,0,0,0,0
658,19-Oct-17,17.8,20.4,16.4,0.4,2.3,92,85,0.0,NE,6,1,0,0,0,0,0
659,20-Oct-17,18.8,20.2,18.2,0.5,0.0,93,88,0.2,E,4,0,0,0,0,0,0
660,21-Oct-17,18.3,21.0,17.3,0.7,0.0,91,85,2.6,NE,9,0,0,0,0,0,0
661,22-Oct-17,17.8,20.2,16.3,2.2,0.0,81,76,1.0,NE,10,0,0,0,0,0,0
662,23-Oct-17,16.3,18.1,15.5,1.8,0.0,80,68,0.0,NE,9,0,0,0,0,0,0
663,24-Oct-17,17.0,18.8,15.9,2.8,0.0,74,67,0.0,NE,7,0,0,0,0,0,0
664,25-Oct-17,18.2,21.6,16.8,1.8,0.0,83,76,4.8,NE,5,0,0,0,0,0,0
665,26-Oct-17,18.7,20.0,18.0,0.7,0.0,89,81,0.0,SE,4,0,0,0,0,0,0
666,27-Oct-17,18.7,21.8,17.5,0.7,1.3,91,85,2.7,NE,5,1,1,0,0,0,0
667,28-Oct-17,20.0,22.0,18.7,1.2,0.3,88,78,5.9,E,6,1,0,0,0,0,0
668,29-Oct-17,19.1,22.0,18.2,1.4,0.0,84,70,4.7,SE,7,0,0,0,0,0,0
669,30-Oct-17,16.4,18.9,14.8,3.4,0.0,66,58,9.9,NE,7,0,0,0,0,0,0
670,31-Oct-17,15.4,18.8,14.0,3.8,0.0,70,65,6.4,NE,7,0,0,0,0,0,0
671,1-Nov-17,16.2,20.9,13.5,1.7,0.0,81,72,9.8,NE,4,0,0,0,0,0,0
672,2-Nov-17,18.1,22.1,15.3,2.7,0.0,71,62,9.8,NE,3,0,0,0,0,0,0
673,3-Nov-17,18.7,22.0,16.8,3.2,0.0,71,61,8.5,SE,5,0,0,0,0,0,0
674,4-Nov-17,18.5,22.0,17.0,5.8,0.0,54,48,9.5,SE,7,0,0,0,0,0,0
675,5-Nov-17,16.6,18.2,15.2,3.9,0.3,59,53,0.0,SE,6,1,0,0,0,0,0
676,6-Nov-17,16.6,19.0,14.9,3.8,0.0,58,52,1.3,NE,5,0,0,0,0,0,0
677,7-Nov-17,16.3,17.7,14.6,3.1,7.2,79,61,0.4,NE,5,1,1,0,0,0,0
678,8-Nov-17,17.9,20.5,15.2,1.7,1.5,82,79,2.5,NE,5,1,0,0,0,0,0
679,9-Nov-17,17.7,18.7,16.6,0.5,7.6,96,90,0.0,NE,4,1,0,0,0,0,0
680,10-Nov-17,18.5,19.6,17.8,0.1,1.0,96,91,0.0,NW,4,1,0,0,0,0,0
681,11-Nov-17,19.4,22.8,17.9,1.2,0.0,88,80,3.7,NE,3,0,0,0,0,0,0
682,12-Nov-17,19.6,22.9,18.4,0.6,0.0,95,89,2.8,SE,4,0,0,0,0,0,0
683,13-Nov-17,19.9,23.5,18.1,0.8,0.0,90,78,6.5,SE,5,0,0,0,0,0,0
684,14-Nov-17,19.2,22.5,17.6,0.7,0.0,91,77,3.5,ENE,4,0,0,0,0,0,0
685,15-Nov-17,19.1,21.0,17.9,0.4,0.4,97,93,0.9,NE,4,1,0,0,0,0,0
686,16-Nov-17,20.0,23.0,18.7,0.5,0.5,97,95,1.9,E,3,1,0,0,0,0,0
687,17-Nov-17,21.7,25.9,19.8,1.1,0.1,92,79,8.4,SW,4,1,0,0,0,0,0
688,18-Nov-17,18.9,23.0,15.6,0.4,5.9,97,89,0.9,NE,9,1,0,0,0,0,0
689,19-Nov-17,15.1,16.0,14.6,0.5,0.0,94,84,0.0,NE,5,0,0,0,0,0,0
690,20-Nov-17,13.4,16.1,12.5,0.5,0.3,97,91,0.0,NE,8,1,0,0,0,0,0
691,21-Nov-17,12.7,13.5,11.5,0.3,0.0,93,79,0.0,NE,5,0,0,0,0,0,0
692,22-Nov-17,11.0,13.5,10.0,0.6,0.0,89,81,0.0,NE,10,0,0,0,0,0,0
693,23-Nov-17,9.2,10.9,7.9,2.2,0.0,81,74,0.0,NE,8,0,0,0,0,0,0
694,24-Nov-17,7.5,10.0,5.9,1.4,0.0,79,72,0.3,NE,8,0,0,0,0,0,0
695,25-Nov-17,8.2,9.3,7.0,1.2,0.1,87,78,0.0,NE,8,1,0,0,0,0,0
696,26-Nov-17,11.7,14.9,8.8,2.3,0.0,67,61,0.1,NNE,8,0,0,0,0,0,0
697,27-Nov-17,13.8,16.0,11.2,1.9,0.0,76,60,0.0,NW,5,0,0,0,0,0,0
698,28-Nov-17,16.1,20.8,13.8,1.9,0.0,84,77,6.0,NE,4,0,0,0,0,0,0
699,29-Nov-17,17.7,19.8,16.8,0.8,0.0,92,86,1.4,NE,5,0,0,0,0,0,0
700,30-Nov-17,18.2,19.8,16.8,0.9,0.0,89,83,2.4,NE,4,0,0,0,0,0,0
701,1-Dec-17,14.9,18.6,13.7,0.8,0.1,96,89,0.2,NNE,9,1,0,0,0,0,0
702,2-Dec-17,14.4,17.3,13.0,0.7,0.0,93,90,1.3,NE,4,0,0,0,0,0,0
703,3-Dec-17,14.8,18.0,13.8,0.8,0.0,87,77,0.7,NE,5,0,0,0,0,0,0
704,4-Dec-17,14.6,17.1,13.0,1.3,0.0,89,82,4.1,NE,8,0,0,0,0,0,0
705,5-Dec-17,12.3,15.1,11.0,1.9,0.0,85,82,4.1,NE,8,0,0,0,0,0,0
706,6-Dec-17,12.2,13.5,11.1,0.7,0.0,95,89,0.8,SE,6,0,0,0,0,0,0
707,7-Dec-17,14.3,15.2,13.4,0.2,2.4,100,100,0.0,NE,4,1,0,0,0,0,0
708,8-Dec-17,11.7,15.2,9.3,0.2,22.8,96,84,0.0,NE,9,1,0,0,0,0,0
709,9-Dec-17,10.2,11.2,8.6,0.7,0.0,89,82,0.0,NE,6,0,0,0,0,0,0
710,10-Dec-17,10.4,11.1,10.0,0.2,0.3,99,97,0.0,NE,5,1,0,0,0,0,0
711,11-Dec-17,10.2,11.0,9.4,0.9,0.8,91,82,0.0,NE,4,1,0,0,0,0,0
712,12-Dec-17,10.6,11.8,9.6,0.1,2.3,100,99,0.0,NE,5,1,0,0,0,0,0
713,13-Dec-17,12.7,13.8,11.1,0.0,1.0,100,99,0.0,NE,4,1,0,0,0,0,0
714,14-Dec-17,13.1,13.6,12.8,0.0,2.3,100,100,0.0,NE,3,1,0,0,0,0,0
715,15-Dec-17,13.1,15.4,11.7,0.1,0.9,100,99,0.0,SE,3,1,0,0,0,0,0
716,16-Dec-17,10.8,14.5,8.6,1.8,0.0,80,65,4.1,NE,10,0,0,0,0,0,0
717,17-Dec-17,8.7,12.1,7.0,3.6,0.0,68,58,6.6,NE,9,0,0,0,0,0,0
718,18-Dec-17,7.9,12.7,5.6,4.4,0.0,59,54,5.5,NE,13,0,0,0,0,0,0
719,19-Dec-17,9.1,13.2,6.5,5.5,0.0,46,37,7.2,N,8,0,0,0,0,0,0
720,20-Dec-17,9.3,13.3,7.0,5.3,0.0,47,38,7.4,NE,10,0,0,0,0,0,0
721,21-Dec-17,11.0,15.2,9.7,6.1,0.0,45,36,5.5,NE,7,0,0,0,0,0,0
722,22-Dec-17,10.9,16.0,8.7,4.6,0.0,63,47,1.2,SE,5,0,0,0,0,0,0
723,23-Dec-17,11.4,13.0,10.1,1.5,0.0,95,89,0.0,NE,4,0,0,0,0,0,0
724,24-Dec-17,13.1,17.0,10.6,2.2,0.3,77,59,2.9,NE,7,1,0,1,0,0,0
725,25-Dec-17,12.8,16.6,11.2,4.3,0.0,54,48,7.0,NE,8,0,0,0,0,0,0
726,26-Dec-17,11.9,15.8,8.9,4.6,0.0,68,59,4.6,NE,4,0,0,0,0,0,0
727,27-Dec-17,10.3,13.6,9.1,0.1,27.7,89,69,0.0,NE,7,1,1,0,0,0,0
728,28-Dec-17,11.2,12.3,9.4,0.2,26.9,100,99,0.0,SE,3,1,0,1,0,0,0
729,29-Dec-17,13.2,14.6,11.8,0.1,0.3,100,100,0.0,E,3,1,0,1,1,0,0
730,30-Dec-17,13.1,15.7,10.6,0.0,15.5,100,100,0.0,ENE,10,1,0,0,1,0,0
731,31-Dec-17,10.2,11.4,9.2,0.7,0.2,90,81,0.0,NE,10,1,0,0,0,0,0
732,1-Jan-18,11.6,12.2,11.0,0.4,0.1,92,86,0.0,SE,4,1,0,0,1,0,0
733,2-Jan-18,12.8,13.6,11.8,0.1,3.0,100,100,0.0,SE,5,1,0,0,1,0,0
734,3-Jan-18,14.0,14.7,13.2,0.0,1.3,100,100,0.0,ESE,4,1,0,1,1,0,0
735,4-Jan-18,15.2,16.0,14.6,0.0,3.4,100,100,0.0,E,5,1,0,0,0,0,0
736,5-Jan-18,15.8,16.2,15.5,0.0,1.6,100,100,0.0,SE,5,1,0,1,0,0,0
737,6-Jan-18,16.0,16.4,15.5,0.1,0.7,100,100,0.0,SE,5,1,0,0,1,0,0
738,7-Jan-18,16.8,17.9,15.6,0.1,3.2,100,100,0.2,SW,5,1,0,0,0,0,0
739,8-Jan-18,13.3,19.2,6.1,0.3,2.5,100,100,2.8,NE,14,1,0,1,1,0,0
740,9-Jan-18,4.4,6.1,2.9,1.3,5.9,88,78,0.0,NE,11,1,0,1,0,0,0
741,10-Jan-18,6.2,7.3,5.2,2.8,0.0,62,57,0.0,NE,9,0,0,0,1,0,0
742,11-Jan-18,7.3,10.2,5.9,2.8,0.0,58,49,2.4,NE,5,0,0,0,0,0,0
743,12-Jan-18,7.7,10.0,6.4,3.6,0.0,57,45,0.7,NE,7,0,0,0,1,0,0
744,13-Jan-18,8.2,10.2,6.4,2.4,0.0,65,58,1.1,NE,5,0,0,0,0,0,0
745,14-Jan-18,9.6,11.4,8.4,0.9,0.0,87,72,0.0,E,5,0,0,0,0,0,0
746,15-Jan-18,10.8,11.7,9.8,0.1,0.5,99,97,0.0,SW,6,1,0,1,1,0,0
747,16-Jan-18,12.6,13.3,11.7,0.0,2.1,100,100,0.0,SW,5,1,0,1,1,0,0
748,17-Jan-18,13.5,14.3,12.8,0.0,0.8,100,100,0.1,SW,6,1,0,0,0,0,0
749,18-Jan-18,13.1,13.9,12.3,0.0,1.5,100,100,0.0,SE,7,1,0,0,1,0,0
750,19-Jan-18,15.6,19.6,13.3,1.6,0.1,83,69,8.5,S,6,1,0,0,1,0,0
751,20-Jan-18,14.7,15.9,14.2,0.6,0.2,99,82,1.1,NE,4,0,0,1,1,0,0
752,21-Jan-18,15.1,17.5,14.1,0.2,0.5,98,93,2.3,SW,5,1,0,0,0,0,0
753,22-Jan-18,15.7,19.9,15.1,0.4,0.5,98,93,3.7,E,6,1,0,0,0,0,0
754,23-Jan-18,15.3,17.3,14.3,0.5,1.5,98,93,4.7,NE,5,0,0,1,1,0,0
755,24-Jan-18,15.3,17.4,14.7,0.0,0.3,100,93,2.4,SE,7,0,0,1,1,0,0
756,25-Jan-18,16.6,18.9,15.4,0.0,0.2,100,99,2.8,SW,10,0,0,1,0,0,0
757,26-Jan-18,15.8,16.9,15.3,0.0,3.1,100,100,0.0,SW,12,1,0,0,1,0,0
758,27-Jan-18,14.6,15.4,13.8,0.0,4.8,100,100,0.0,ENE,11,1,0,0,1,0,0
759,28-Jan-18,13.6,15.5,9.5,0.0,3.2,100,100,0.0,NE,7,1,0,0,1,0,0
760,29-Jan-18,4.9,9.5,3.6,0.6,1.2,87,79,0.0,ENE,11,1,0,0,0,0,0
761,30-Jan-18,3.3,4.7,2.2,0.5,0.4,94,79,0.0,NE,6,1,0,0,0,0,0
762,31-Jan-18,3.9,5.2,2.8,0.9,2.1,85,68,0.0,NE,7,1,0,0,0,0,0
763,1-Feb-18,6.2,8.1,4.4,1.9,0.0,66,57,3.3,NE,8,0,0,0,1,0,0
764,2-Feb-18,5.7,7.2,5.1,1.9,0.0,68,62,0.0,NE,9,0,0,0,1,0,0
765,3-Feb-18,5.6,8.0,3.7,2.4,0.0,67,64,1.9,NE,9,0,0,0,0,0,0
766,4-Feb-18,5.6,7.6,4.2,2.8,0.0,60,57,0.0,NE,8,0,0,0,0,0,0
767,5-Feb-18,4.5,6.0,3.1,1.7,0.0,71,63,0.6,NE,6,0,0,0,0,0,0
768,6-Feb-18,5.6,8.2,4.0,3.5,0.0,52,39,2.7,NE,7,0,0,0,0,0,0
769,7-Feb-18,6.2,8.0,4.7,2.1,0.0,56,48,0.0,ENE,6,0,0,0,1,0,0
770,8-Feb-18,7.1,10.9,5.3,3.4,0.0,59,52,2.5,NE,7,0,0,0,0,0,0
771,9-Feb-18,10.0,14.9,6.2,1.4,0.0,85,57,6.1,SE,5,0,0,0,0,0,0
772,10-Feb-18,11.8,13.2,11.0,0.2,1.8,100,84,0.0,NE,8,1,0,0,1,0,0
773,11-Feb-18,9.5,11.0,8.6,0.1,0.8,98,95,0.0,NE,5,1,0,1,1,0,0
774,12-Feb-18,7.4,9.0,6.5,0.1,1.9,97,94,0.0,NE,7,1,0,1,1,0,0
775,13-Feb-18,8.8,11.0,7.4,0.3,0.0,90,80,0.0,E,4,0,0,0,0,0,0
776,14-Feb-18,12.2,16.7,9.6,0.5,0.0,96,80,4.2,SW,5,0,0,0,0,0,0
777,15-Feb-18,17.3,23.1,12.3,2.1,0.1,80,69,10.1,SE,3,1,0,0,1,0,0
778,16-Feb-18,14.5,18.5,13.2,0.6,0.1,96,75,0.7,NE,3,1,0,0,0,0,0
779,17-Feb-18,15.5,17.9,14.2,0.8,0.0,92,84,1.6,SSE,4,0,0,0,0,0,0
780,18-Feb-18,15.0,15.9,14.2,0.4,1.4,100,99,0.0,SW,5,1,0,1,0,0,0
781,19-Feb-18,16.4,17.1,15.6,0.0,6.8,100,99,0.0,SE,7,1,1,0,1,0,0
782,20-Feb-18,17.3,18.0,16.6,0.0,7.8,100,100,0.1,SE,6,1,0,0,0,1,0
783,21-Feb-18,17.2,18.0,16.9,0.0,3.7,100,100,0.1,WSW,6,1,0,0,0,0,0
784,22-Feb-18,13.5,16.9,9.3,0.0,7.2,100,100,0.0,NE,10,1,0,0,1,0,0
785,23-Feb-18,9.3,11.5,7.5,0.2,1.2,98,90,0.0,NE,10,1,0,1,0,0,0
786,24-Feb-18,12.9,16.2,9.9,0.2,0.1,97,93,4.1,SE,3,1,0,0,1,0,0
787,25-Feb-18,13.1,14.0,12.3,0.0,0.7,98,91,0.0,NE,4,1,0,0,1,0,0
788,26-Feb-18,14.0,15.7,13.0,0.2,0.5,99,91,0.1,E,3,1,0,0,1,0,0
789,27-Feb-18,15.1,16.2,13.6,0.1,8.8,100,99,0.7,SW,9,1,0,0,0,1,0
790,28-Feb-18,16.1,17.5,15.2,0.0,0.0,100,99,0.1,SW,5,0,0,0,0,0,0
791,1-Mar-18,17.0,19.4,15.8,0.2,0.4,99,94,1.2,E,5,1,0,0,0,0,0
792,2-Mar-18,18.1,21.0,16.8,0.4,1.6,99,95,3.8,SSW,4,1,0,0,0,0,0
793,3-Mar-18,19.9,24.2,18.0,1.1,0.1,90,77,7.3,SW,4,1,0,0,0,0,0
794,4-Mar-18,21.8,26.3,17.8,3.9,0.3,73,58,10.1,SSW,4,1,0,0,0,0,0
795,5-Mar-18,20.7,25.2,17.7,3.3,0.0,75,70,10.0,SW,3,0,0,0,0,0,0
796,6-Mar-18,18.3,19.3,16.9,0.8,0.0,94,70,1.1,SE,3,0,0,0,0,0,0
797,7-Mar-18,18.3,19.6,17.4,0.1,0.7,100,95,0.0,SW,8,0,0,1,0,0,0
798,8-Mar-18,12.0,18.8,9.0,1.1,7.8,86,73,1.8,NE,12,1,0,0,0,0,0
799,9-Mar-18,12.6,17.0,9.9,4.3,0.0,58,57,10.1,NE,8,0,0,0,0,0,0
800,10-Mar-18,12.2,16.7,9.9,3.3,0.0,71,63,9.3,NE,7,0,0,0,0,0,0
801,11-Mar-18,13.1,15.6,10.8,3.4,0.0,66,40,1.9,SW,5,0,0,0,0,0,0
802,12-Mar-18,13.2,14.3,12.0,0.2,2.3,98,95,0.0,SE,4,0,1,0,0,0,0
803,13-Mar-18,14.8,16.4,13.7,0.0,0.3,99,97,0.3,SW,8,1,0,0,0,0,0
804,14-Mar-18,15.4,16.5,14.6,0.0,1.1,100,100,0.0,SW,6,0,1,0,0,0,0
805,15-Mar-18,16.8,19.4,15.1,0.6,0.1,94,82,3.9,E,4,1,0,0,0,0,0
806,16-Mar-18,16.9,18.4,16.0,0.2,3.7,100,96,0.0,E,4,1,0,0,0,0,0
807,17-Mar-18,18.0,18.8,17.1,0.0,1.0,100,100,0.0,S,9,1,0,0,0,0,0
808,18-Mar-18,18.3,18.9,15.6,0.1,45.6,100,99,0.0,SE,8,1,0,0,0,1,0
809,19-Mar-18,18.8,21.8,16.9,0.3,0.4,96,89,5.1,E,3,1,0,0,0,0,0
810,20-Mar-18,17.0,19.1,14.6,1.9,5.1,74,63,6.1,NE,11,1,0,0,0,0,0
811,21-Mar-18,13.6,17.8,11.9,2.1,0.0,80,63,3.5,NE,8,0,0,0,0,0,0
812,22-Mar-18,13.8,17.2,11.6,3.1,0.0,71,61,7.0,NE,6,0,0,0,0,0,0
813,23-Mar-18,14.7,18.7,12.5,2.4,0.0,78,68,6.4,SE,4,0,0,0,0,0,0
814,24-Mar-18,14.5,15.8,13.4,0.9,0.0,93,83,0.0,SE,7,0,0,0,0,0,0
815,25-Mar-18,15.0,16.0,14.1,0.0,1.6,100,97,0.0,SE,5,1,0,0,0,0,0
816,26-Mar-18,16.2,17.4,15.5,0.1,3.3,97,93,0.0,NE,5,1,0,0,0,0,0
817,27-Mar-18,16.7,19.2,15.4,0.7,0.8,90,84,1.6,SE,6,1,0,0,0,0,0
818,28-Mar-18,16.8,17.8,15.2,1.1,0.0,88,78,0.0,SE,5,0,0,0,0,0,0
819,29-Mar-18,17.4,18.8,16.7,0.5,0.7,99,95,1.6,SE,4,1,0,0,0,0,0
820,30-Mar-18,17.5,19.2,16.7,0.3,0.0,98,94,0.6,ENE,4,0,0,0,0,0,0
821,31-Mar-18,18.2,21.1,17.0,1.3,0.0,83,68,0.5,SW,5,0,0,0,0,0,0
822,1-Apr-18,18.3,20.1,17.2,0.7,0.0,87,83,1.4,SE,5,0,0,0,0,0,0
823,2-Apr-18,19.0,22.1,17.0,1.8,0.0,84,78,5.2,ESE,6,0,0,0,0,0,0
824,3-Apr-18,18.4,19.8,17.7,1.4,0.0,79,74,1.7,WSW,6,0,0,0,0,0,0
825,4-Apr-18,17.5,18.6,16.4,0.4,0.0,82,80,0.1,SE,7,0,0,0,0,0,0
826,5-Apr-18,18.3,20.4,16.6,0.6,3.2,81,80,0.3,ESE,6,1,0,0,0,1,0
827,6-Apr-18,15.1,18.9,12.1,0.8,36.6,84,73,0.0,NE,15,1,1,0,0,0,0
828,7-Apr-18,12.5,15.4,11.0,3.4,0.0,55,48,2.1,NE,11,0,0,0,0,0,0
829,8-Apr-18,13.1,17.8,9.2,3.3,0.0,67,51,10.2,NW,3,0,0,0,0,0,0
830,9-Apr-18,15.4,20.0,12.8,2.8,0.0,76,58,10.6,ESE,6,0,0,0,0,0,0
831,10-Apr-18,15.9,17.3,14.2,0.5,0.1,95,80,0.1,WSW,5,1,0,0,0,1,0
832,11-Apr-18,18.2,19.6,16.8,0.1,0.4,100,99,0.5,SE,4,1,0,0,0,0,0
833,12-Apr-18,19.9,21.9,18.8,0.2,0.3,98,94,2.0,SW,4,1,0,0,0,0,0
834,13-Apr-18,21.7,23.8,20.0,0.5,0.1,94,92,4.2,SW,3,1,0,0,0,0,0
835,14-Apr-18,21.2,23.5,20.7,0.1,0.2,100,92,0.0,NE,6,1,0,0,0,0,0
836,15-Apr-18,16.1,20.7,14.6,1.0,9.1,89,81,0.0,NE,12,1,0,0,0,0,0
837,16-Apr-18,14.8,16.6,13.6,0.8,15.1,90,81,0.3,NE,9,1,1,0,0,0,0
838,17-Apr-18,16.1,18.2,14.6,0.6,0.0,87,83,0.8,NE,3,0,0,0,0,0,0
839,18-Apr-18,16.5,19.8,14.7,0.8,0.0,88,83,2.6,E,3,0,0,0,0,0,0
840,19-Apr-18,17.5,20.0,15.6,0.9,0.0,88,78,0.9,SW,5,0,0,0,0,0,0
841,20-Apr-18,18.5,21.2,16.5,0.5,0.0,94,83,0.8,ESE,8,0,0,0,0,0,0
842,21-Apr-18,20.3,21.9,19.5,0.2,0.4,99,97,3.2,SSW,8,0,1,0,0,0,0
843,22-Apr-18,21.0,23.0,19.6,0.1,2.6,99,98,1.8,E,4,1,0,0,0,0,0
844,23-Apr-18,21.8,25.0,20.6,0.3,0.1,97,91,2.4,NE,5,1,0,0,0,0,0
845,24-Apr-18,21.3,22.1,20.4,0.4,0.9,99,91,0.0,NE,6,1,0,0,0,0,0
846,25-Apr-18,19.8,21.4,18.9,0.2,21.5,98,94,0.0,NE,5,1,1,0,0,0,0
847,26-Apr-18,19.1,21.5,18.4,0.7,0.1,95,93,0.2,NE,5,1,0,0,0,0,0
848,27-Apr-18,18.5,20.3,16.6,0.2,4.4,94,84,0.0,NE,7,1,1,0,0,0,0
849,28-Apr-18,19.1,19.9,18.5,0.8,0.1,94,84,0.0,SE,4,1,0,0,0,0,0
850,29-Apr-18,19.6,21.2,19.0,0.2,1.4,96,87,0.2,WSW,3,1,0,0,0,0,0
851,30-Apr-18,21.2,23.8,19.1,0.7,0.0,90,81,2.8,SW,5,0,0,0,0,0,0
852,1-May-18,22.0,24.6,20.1,1.0,2.5,92,88,4.5,NE,6,1,0,0,0,0,0
853,2-May-18,21.0,22.6,19.3,0.7,15.9,92,89,0.0,NE,9,1,1,0,0,0,0
854,3-May-18,20.5,22.2,19.0,0.8,2.0,90,86,0.6,NE,7,1,0,0,0,0,0
855,4-May-18,21.3,24.0,18.9,0.8,8.0,91,87,3.3,WSW,8,1,1,0,0,1,0
856,5-May-18,21.0,22.7,19.5,0.6,2.2,97,94,0.9,SW,8,1,0,0,0,0,0
857,6-May-18,22.1,25.7,20.4,1.1,0.1,96,84,4.7,NW,6,1,0,0,0,0,0
858,7-May-18,24.9,29.3,22.2,3.5,0.0,78,64,10.7,WSW,5,0,0,0,0,0,0
859,8-May-18,24.6,27.6,21.9,2.9,0.0,80,64,8.2,SW,4,0,0,0,0,0,0
860,9-May-18,23.2,25.6,21.4,0.8,17.5,92,82,3.3,E,7,1,0,0,0,0,0
861,10-May-18,22.2,24.6,21.0,1.4,0.0,85,76,3.7,SE,8,0,0,0,0,0,0
862,11-May-18,21.4,22.6,20.0,0.2,3.8,99,94,0.5,SW,5,1,0,0,0,0,0
863,12-May-18,21.7,24.5,20.4,0.8,4.4,92,88,1.5,NE,5,1,0,0,0,0,0
864,13-May-18,20.9,23.9,18.6,1.7,16.9,92,87,4.4,SW,4,1,1,0,0,1,0
865,14-May-18,22.4,27.2,20.3,2.1,3.6,86,76,9.6,SW,7,1,0,0,0,0,0
866,15-May-18,23.6,28.2,20.6,3.0,7.8,81,71,11.1,SW,6,1,0,0,0,0,0
867,16-May-18,24.5,28.9,22.4,3.6,0.0,77,63,10.0,ENE,8,0,0,0,0,0,0
868,17-May-18,25.0,29.0,22.4,2.9,0.0,82,68,11.5,W,7,0,0,0,0,0,0
869,18-May-18,24.4,29.2,20.2,4.3,8.6,74,64,10.6,WSW,10,1,0,0,0,0,0
870,19-May-18,24.0,26.9,18.6,3.4,53.0,76,67,10.4,E,5,1,1,0,0,0,0
871,20-May-18,23.4,27.1,19.7,2.7,17.8,84,75,8.1,SW,7,1,1,0,0,0,0
872,21-May-18,22.8,25.9,21.4,0.8,0.0,94,84,4.4,SE,6,0,0,0,0,0,0
873,22-May-18,22.5,26.1,20.5,1.2,0.0,90,81,8.6,SE,5,0,0,0,0,0,0
874,23-May-18,23.2,26.8,20.7,2.4,0.0,83,72,7.9,SW,5,0,0,0,0,0,0
875,24-May-18,23.8,27.3,22.3,2.9,0.0,81,68,9.3,SE,4,0,0,0,0,0,0
876,25-May-18,24.3,28.8,20.1,2.8,23.6,82,67,11.3,SW,8,1,0,0,0,0,0
877,26-May-18,25.0,28.3,23.1,2.8,0.0,81,74,10.0,SE,6,0,0,0,0,0,0
878,27-May-18,23.7,25.1,22.2,1.7,1.9,83,65,2.0,NE,8,1,0,0,0,0,0
879,28-May-18,19.9,23.0,19.2,0.3,11.7,97,86,0.0,NE,6,1,0,0,0,0,0
880,29-May-18,22.3,25.3,20.0,0.6,0.0,92,84,3.9,WSW,3,0,0,0,0,0,0
881,30-May-18,23.4,26.6,21.5,1.6,0.2,87,76,5.0,SW,5,1,0,0,0,0,0
882,31-May-18,23.1,26.0,21.3,1.3,1.6,85,82,2.1,NE,6,1,0,0,0,0,0
883,1-Jun-18,22.5,24.2,22.1,0.6,0.8,94,85,0.0,S,8,1,0,0,0,0,0
884,2-Jun-18,22.7,26.0,21.5,1.1,5.8,89,81,5.0,SE,7,1,0,0,0,1,0
885,3-Jun-18,22.8,26.2,21.4,1.1,0.4,92,87,5.0,NE,7,1,0,0,0,0,0
886,4-Jun-18,23.1,25.9,22.0,1.7,5.6,90,85,2.9,SW,4,1,0,0,0,0,0
887,5-Jun-18,21.6,24.9,20.2,2.3,13.6,82,78,3.4,NE,8,0,1,0,0,1,0
888,6-Jun-18,23.5,27.9,20.7,2.3,0.0,80,77,8.2,SW,3,0,0,0,0,0,0
889,7-Jun-18,24.2,28.0,21.6,2.7,0.0,78,69,8.7,NE,4,0,0,0,0,0,0
890,8-Jun-18,24.8,28.3,22.0,2.8,0.0,75,67,10.2,SW,4,0,0,0,0,0,0
891,9-Jun-18,24.8,27.0,23.6,2.0,1.2,87,81,2.4,NE,6,0,1,0,0,0,0
892,10-Jun-18,23.9,27.9,22.4,1.2,0.0,89,81,3.6,SW,4,0,0,0,0,0,0
893,11-Jun-18,24.2,27.5,22.2,1.6,42.9,87,79,4.0,W,5,0,1,0,0,1,0
894,12-Jun-18,24.7,26.8,23.2,3.7,0.1,77,74,1.8,SW,7,1,0,0,0,0,0
895,13-Jun-18,24.8,27.5,23.1,4.3,0.1,74,71,2.2,WSW,6,1,0,0,0,0,0
896,14-Jun-18,24.5,26.6,23.1,2.1,13.1,82,74,1.1,NE,6,0,1,0,0,1,0
897,15-Jun-18,22.0,25.0,19.5,1.1,59.1,91,77,1.1,NE,7,0,1,0,0,1,0
898,16-Jun-18,22.2,24.9,20.3,1.0,3.9,89,80,1.7,ENE,7,1,0,0,0,1,0
899,17-Jun-18,22.2,24.0,20.8,0.5,20.9,95,88,1.1,SE,4,1,0,0,0,0,0
900,18-Jun-18,23.2,27.0,21.3,0.6,0.0,94,89,2.7,SE,5,0,0,0,0,0,0
901,19-Jun-18,24.7,28.0,22.5,1.5,2.5,88,77,7.9,SW,7,0,1,0,0,0,0
902,20-Jun-18,24.8,29.0,23.6,1.7,28.0,86,78,6.8,SW,6,1,0,0,0,1,0
903,21-Jun-18,25.2,27.8,23.4,2.8,0.2,79,74,4.0,SW,5,1,0,0,0,1,0
904,22-Jun-18,25.7,28.2,23.8,3.4,0.0,75,70,5.3,W ,7,0,0,0,0,0,0
905,23-Jun-18,25.1,27.9,22.9,2.9,0.0,78,71,3.9,SW,5,0,0,0,0,0,0
906,24-Jun-18,22.8,25.2,20.9,1.6,9.1,89,81,0.0,WSW,9,0,1,0,0,0,0
907,25-Jun-18,22.4,24.6,19.5,1.6,12.5,90,82,0.6,WSW,10,1,0,0,0,0,0
908,26-Jun-18,22.5,24.3,19.5,1.4,6.4,88,81,0.0,SW,6,1,0,0,0,0,0
909,27-Jun-18,20.7,22.1,19.6,0.8,51.6,93,78,0.0,WSW,6,1,1,0,0,1,0
910,28-Jun-18,22.7,26.6,19.9,1.9,0.0,83,78,6.7,SW,4,0,0,0,0,0,0
911,29-Jun-18,24.4,28.5,22.0,1.8,0.0,81,75,10.5,SE,3,0,0,0,0,0,0
912,30-Jun-18,25.9,28.5,23.8,3.5,0.0,76,69,7.8,SW,4,0,0,0,0,0,0
913,1-Jul-18,26.4,30.1,23.9,3.6,0.0,74,67,9.5,WSW ,4,0,0,0,0,0,0
914,2-Jul-18,26.7,30.9,23.8,4.8,0.0,72,65,11.3,SW,6,0,0,0,0,0,0
915,3-Jul-18,26.8,30.9,24.3,5.1,0.0,68,65,10.7,WSW,6,0,0,0,0,0,0
916,4-Jul-18,27.0,31.0,24.0,5.2,0.0,69,62,11.8,WSW,4,0,0,0,0,0,0
917,5-Jul-18,27.5,31.7,24.2,4.9,0.0,71,66,11.0,SW,5,0,0,0,0,0,0
918,6-Jul-18,26.7,28.7,24.8,3.3,0.0,80,76,6.6,SW,4,0,0,0,0,0,0
919,7-Jul-18,24.4,27.6,23.1,0.7,12.2,90,80,0.2,WSW,7,1,1,0,0,1,0
920,8-Jul-18,23.0,24.8,22.5,0.6,35.3,96,90,0.1,NE,5,1,1,0,0,0,0
921,9-Jul-18,22.8,24.9,22.1,1.1,20.7,91,82,1.0,NE,7,0,1,0,0,1,0
922,10-Jul-18,23.2,26.0,21.7,1.0,30.5,91,83,3.5,NE,8,0,1,0,0,1,0
923,11-Jul-18,23.5,25.8,21.9,1.2,52.2,87,79,6.5,SE,7,0,1,0,0,1,0
924,12-Jul-18,24.7,28.3,21.8,2.4,0.0,78,57,10.0,ENE,7,0,0,0,0,0,0
925,13-Jul-18,24.6,27.2,22.3,2.0,33.2,84,73,2.3,SE,9,0,1,0,0,1,0
926,14-Jul-18,22.8,24.2,21.8,0.7,20.4,94,90,0.4,NE,7,0,1,0,0,1,0
927,15-Jul-18,21.4,23.0,20.8,0.6,45.2,99,97,0.0,NE,9,1,1,0,0,1,0
928,16-Jul-18,21.8,22.7,21.1,0.2,16.4,99,98,0.0,SSW,9,0,1,0,0,1,0
929,17-Jul-18,21.8,22.3,20.8,0.7,21.9,95,91,0.0,NE,12,1,1,0,0,1,0
930,18-Jul-18,24.1,25.9,22.2,2.2,1.3,85,74,2.2,NE,11,1,0,0,0,1,0
931,19-Jul-18,21.3,23.4,21.1,0.2,71.6,100,99,0.0,NE,13,1,0,0,0,0,0
932,20-Jul-18,21.9,23.0,21.0,0.2,39.9,97,91,0.0,NE,10,1,1,0,0,1,0
933,21-Jul-18,21.1,22.0,21.0,0.1,52.5,98,95,0.0,NE,10,1,1,0,0,1,0
934,22-Jul-18,23.5,27.7,20.9,1.9,0.4,86,79,6.4,NNE,7,1,0,0,0,0,0
935,23-Jul-18,24.3,26.7,22.4,1.1,3.8,85,82,3.9,NE,7,0,1,0,0,1,1
936,24-Jul-18,25.8,26.8,22.2,1.5,2.8,88,86,1.0,NE,8,0,0,0,0,1,0
937,25-Jul-18,22.8,24.8,22.2,0.9,10.8,93,91,0.7,SE,6,0,1,0,0,1,0
938,26-Jul-18,22.7,25.8,21.0,1.1,47.8,92,80,2.3,NE,7,0,0,0,0,1,0
939,27-Jul-18,21.9,24.2,21.0,0.3,42.0,95,86,1.2,ENE,6,1,0,0,0,0,0
940,28-Jul-18,21.1,22.2,20.2,0.0,87.8,100,98,0.4,NE,7,1,0,0,0,1,0
941,29-Jul-18,21.3,22.2,20.5,0.1,51.5,97,90,0.4,ENE,6,0,1,0,0,1,0
942,30-Jul-18,21.9,24.8,20.8,0.3,25.3,98,95,1.1,E,7,1,1,0,0,1,0
943,31-Jul-18,22.1,25.5,20.6,0.4,2.4,97,93,1.5,NE,4,1,1,0,0,1,0
944,1-Aug-18,22.4,24.9,20.4,0.6,0.8,93,91,0.5,NE,3,1,0,0,0,0,0
945,2-Aug-18,23.2,25.2,22.5,0.7,0.7,92,88,1.4,NE,3,1,0,0,0,0,0
946,3-Aug-18,22.9,24.5,22.0,1.7,0.0,93,88,0.2,SW,3,0,0,0,0,0,0
947,4-Aug-18,22.6,23.4,21.9,0.9,14.9,97,95,0.0,NE,6,1,0,0,0,0,0
948,5-Aug-18,22.1,23.0,19.5,0.5,25.2,96,94,0.1,ENE,5,1,1,0,0,0,0
949,6-Aug-18,23.0,26.0,21.5,1.0,1.1,95,91,2.4,SE,4,1,0,0,0,0,0
950,7-Aug-18,22.6,24.8,21.8,0.8,3.6,92,81,3.1,NE,3,1,0,0,0,0,0
951,8-Aug-18,22.9,26.1,21.6,1.4,0.0,92,85,5.1,NE,5,0,0,0,0,0,0
952,9-Aug-18,24.0,26.5,22.0,1.0,0.0,85,75,4.3,SE,5,0,0,0,0,0,0
953,10-Aug-18,24.9,28.5,22.7,1.7,0.0,81,76,1.4,NE,4,0,0,0,0,0,0
954,11-Aug-18,24.0,26.3,22.8,1.7,27.6,83,80,3.3,NE,6,1,1,0,0,1,1
955,12-Aug-18,23.1,27.4,21.8,1.1,7.1,91,83,4.9,SW,6,1,0,0,0,0,0
956,13-Aug-18,24.5,28.0,21.3,2.0,0.0,86,83,10.0,NE,7,0,0,0,0,0,0
957,14-Aug-18,25.2,28.8,22.1,2.9,0.0,72,65,0.0,NE,7,0,0,0,0,0,0
958,15-Aug-18,24.5,27.3,22.4,2.7,19.7,88,81,0.1,NE,7,1,0,0,0,0,0
959,16-Aug-18,23.1,26.8,21.9,1.8,82.0,91,84,0.0,SW,9,1,0,0,0,0,0
960,17-Aug-18,21.3,22.0,20.7,0.0,141.0,100,100,0.0,SW,11,1,0,0,0,0,0
961,18-Aug-18,21.7,22.4,21.0,0.1,12.2,99,98,0.0,SE,8,1,0,0,0,0,0
962,19-Aug-18,23.3,25.3,21.6,1.2,0.0,91,85,1.5,NE,6,0,0,0,0,0,0
963,20-Aug-18,24.4,27.0,22.0,0.6,0.0,92,90,3.9,SW,5,0,0,0,0,0,0
964,21-Aug-18,24.2,26.5,22.8,0.9,30.5,91,85,0.6,SW,6,1,1,0,0,0,0
965,22-Aug-18,23.9,27.8,22.8,1.2,54.5,91,77,6.2,ENE,7,1,0,0,0,0,0
966,23-Aug-18,23.6,27.0,21.6,1.0,5.1,88,81,4.0,ENE,7,1,0,0,0,0,0
967,24-Aug-18,23.7,25.6,22.0,0.9,0.3,93,86,2.4,E,5,1,0,0,0,0,0
968,25-Aug-18,23.0,25.6,20.6,1.1,10.7,90,85,7.1,NE,5,1,0,0,0,0,0
969,26-Aug-18,24.0,27.4,21.2,2.2,12.9,77,65,6.9,ENE,7,1,0,0,0,0,0
970,27-Aug-18,23.4,27.6,21.8,1.8,1.4,85,78,7.7,ENE,5,1,0,0,0,0,0
971,28-Aug-18,21.9,22.5,21.4,0.7,32.6,98,98,0.0,NE,6,1,0,0,0,0,0
972,29-Aug-18,22.4,24.4,20.8,0.6,82.4,93,87,0.0,SW,7,1,1,0,0,0,0
973,30-Aug-18,21.4,23.4,21.0,0.0,145.0,100,98,0.0,NNE,8,1,1,0,0,1,0
974,31-Aug-18,22.4,26.4,20.8,0.6,15.4,95,80,3.9,SE,7,1,0,0,0,0,0
975,1-Sep-18,23.8,27.6,22.0,2.2,0.1,93,88,6.2,SE,7,1,0,0,0,0,0
976,2-Sep-18,22.6,24.0,20.7,0.7,32.3,96,89,0.0,SE,8,1,0,0,0,0,0
977,3-Sep-18,21.8,24.3,21.2,0.6,2.1,94,87,0.5,NE,7,1,0,0,0,0,0
978,4-Sep-18,22.9,25.5,21.1,1.0,0.0,89,83,3.6,SE,5,0,0,0,0,0,0
979,5-Sep-18,23.4,25.9,21.8,0.9,0.0,87,78,4.8,NE,5,0,0,0,0,0,0
980,6-Sep-18,24.5,28.2,23.1,1.4,0.0,88,85,5.2,E,5,0,0,0,0,0,0
981,7-Sep-18,24.0,26.0,21.8,1.7,58.7,81,78,3.3,NE,9,1,0,0,0,1,1
982,8-Sep-18,20.9,22.5,20.5,3.5,0.0,75,72,0.0,NE,11,0,0,0,0,0,0
983,9-Sep-18,21.3,24.6,19.4,4.1,0.0,66,57,7.2,NE,10,0,0,0,0,0,0
984,10-Sep-18,20.7,23.7,19.1,1.7,0.0,79,73,3.9,NE,5,0,0,0,0,0,0
985,11-Sep-18,21.5,23.9,20.1,0.7,1.0,90,85,0.3,NE,4,1,0,0,0,0,0
986,12-Sep-18,22.1,25.0,21.1,1.9,0.6,85,82,4.4,NE,5,1,0,0,0,0,0
987,13-Sep-18,22.8,26.0,21.5,2.0,0.0,82,70,5.9,NE,5,0,0,0,0,0,0
988,14-Sep-18,22.1,23.9,20.5,0.6,11.7,90,84,2.3,ENE,7,0,1,0,0,0,0
989,15-Sep-18,23.2,27.5,20.9,1.3,5.3,86,70,8.2,NE,5,1,0,0,0,0,0
990,16-Sep-18,25.9,28.8,23.5,4.3,0.0,65,58,8.7,WSW,6,0,0,0,0,0,0
991,17-Sep-18,22.4,26.1,19.1,3.8,5.4,75,55,0.0,WSW,7,1,0,0,0,0,0
992,18-Sep-18,20.9,23.0,19.9,1.0,29.1,92,90,0.4,WSW,6,1,0,0,0,0,0
993,19-Sep-18,21.0,23.8,18.1,1.4,64.1,97,91,3.6,E,8,1,1,0,0,1,0
994,20-Sep-18,22.1,25.4,19.8,1.1,5.0,93,88,3.4,SE,5,1,0,0,0,0,0
995,21-Sep-18,22.3,26.5,19.9,1.6,0.0,81,72,8.9,NE,5,0,0,0,0,0,0
996,22-Sep-18,22.4,26.1,20.5,2.6,0.0,81,73,6.1,ENE,4,0,0,0,0,0,0
997,23-Sep-18,22.4,25.8,20.4,1.3,0.0,84,69,3.2,SE,4,0,0,0,0,0,0
998,24-Sep-18,22.4,26.6,20.8,1.7,0.0,85,77,7.9,SE,5,0,0,0,0,0,0
999,25-Sep-18,23.2,26.5,21.2,1.7,0.0,84,74,8.6,NE,4,0,0,0,0,0,0
1000,26-Sep-18,22.4,23.6,21.3,0.4,0.3,95,90,0.1,NE,6,1,0,0,0,0,0
1001,27-Sep-18,22.2,23.8,21.4,0.4,10.5,96,92,0.1,ENE,6,1,0,0,0,0,0
1002,28-Sep-18,18.8,21.4,18.0,0.7,10.9,98,94,0.0,NE,9,0,1,0,0,0,0
1003,29-Sep-18,19.8,23.2,17.7,1.3,0.1,88,80,6.9,NE,8,1,0,0,0,0,0
1004,30-Sep-18,20.3,22.8,19.0,2.2,0.0,82,79,6.0,NE,5,0,0,0,0,0,0
1005,1-Oct-18,20.1,23.8,18.5,2.9,0.0,79,67,10.4,ENE,4,0,0,0,0,0,0
1006,2-Oct-18,20.5,24.2,18.8,3.9,0.0,68,58,10.4,NE,5,0,0,0,0,0,0
1007,3-Oct-18,20.8,23.9,19.0,3.6,0.0,70,60,8.2,ENE,5,0,0,0,0,0,0
1008,4-Oct-18,20.6,24.7,18.5,3.6,0.0,70,52,7.6,NE,5,0,0,0,0,0,0
1009,5-Oct-18,20.0,23.6,18.0,2.6,0.0,84,71,7.7,SW,4,0,0,0,0,0,0
1010,6-Oct-18,19.9,24.0,17.6,1.7,0.0,93,88,5.9,NE,3,0,0,0,0,0,0
1011,7-Oct-18,21.2,24.5,19.4,2.6,0.0,78,64,6.4,NE,5,0,0,0,0,0,0
1012,8-Oct-18,20.8,25.2,18.7,2.5,0.0,86,73,7.1,NE,5,0,0,0,0,0,0
1013,9-Oct-18,21.6,25.0,19.4,2.3,0.0,82,73,7.3,E,5,0,0,0,0,0,0
1014,10-Oct-18,15.4,21.6,14.6,1.0,56.2,96,93,0.0,NE,14,0,1,0,0,1,0
1015,11-Oct-18,16.3,18.6,14.8,1.4,0.0,85,78,1.2,NNE,10,0,0,0,0,0,0
1016,12-Oct-18,16.9,19.1,15.6,2.1,0.0,78,65,0.4,NE,6,0,0,0,0,0,0
1017,13-Oct-18,18.0,19.9,16.8,1.2,0.0,90,83,0.0,SE,5,0,0,0,0,0,0
1018,14-Oct-18,20.4,24.3,18.3,1.0,0.0,95,83,5.6,SW,6,0,0,0,0,0,0
1019,15-Oct-18,22.1,27.0,20.2,0.4,0.0,96,92,4.5,SW,7,0,0,0,0,0,0
1020,16-Oct-18,19.2,23.5,18.2,0.2,4.8,99,97,0.0,SE,6,1,0,0,0,1,0
1021,17-Oct-18,17.7,19.8,15.6,0.4,19.3,95,90,0.3,NE,7,0,1,0,0,0,0
1022,18-Oct-18,16.0,17.6,14.4,0.3,5.5,99,97,0.0,E,5,1,0,0,0,0,0
1023,19-Oct-18,18.7,19.2,17.4,0.1,0.8,100,99,0.0,NE,6,1,0,0,0,0,0
1024,20-Oct-18,19.9,20.6,19.0,0.2,3.9,100,99,0.0,ESE,5,1,0,0,0,0,0
1025,21-Oct-18,21.6,25.2,19.9,1.1,4.0,94,78,7.9,WSW,6,1,0,0,0,0,0
1026,22-Oct-18,20.9,24.2,19.7,0.7,19.9,95,81,3.0,SW,8,0,1,0,0,1,0
1027,23-Oct-18,19.3,20.8,18.5,0.2,24.8,99,98,0.6,NE,6,1,0,0,0,1,0
1028,24-Oct-18,19.2,21.6,17.6,0.1,62.2,100,100,2.1,SW,5,0,1,0,0,1,0
1029,25-Oct-18,20.3,22.5,18.9,0.4,0.0,97,91,2.8,SW,5,0,0,0,0,0,0
1030,26-Oct-18,20.5,21.9,19.8,0.5,0.5,97,91,1.7,NE,10,1,0,0,0,0,0
1031,27-Oct-18,18.1,20.7,17.0,1.0,2.9,92,86,0.1,NE,12,1,0,0,0,0,0
1032,28-Oct-18,18.1,20.0,17.4,0.4,6.5,95,93,0.0,NE,5,0,1,0,0,0,0
1033,29-Oct-18,19.3,22.9,17.2,1.0,0.0,79,77,6.4,NE,6,0,0,0,0,0,0
1034,30-Oct-18,18.9,22.0,16.7,2.9,0.0,67,54,6.1,SW,7,0,0,0,0,0,0
1035,31-Oct-18,18.4,22.0,17.1,5.4,0.0,58,46,9.8,,,0,0,0,0,0,0
1036,1-Nov-18,18.4,21.4,16.4,6.2,0.0,45,32,10.0,NE,8,0,0,0,0,0,0
1037,2-Nov-18,17.4,22.4,14.6,6.3,0.0,53,39,9.5,NE,8,0,0,0,0,0,0
1038,3-Nov-18,17.1,22.4,14.7,3.4,0.0,75,68,10.0,SE,6,0,0,0,0,0,0
1039,4-Nov-18,17.9,22.0,15.9,1.2,0.0,93,79,4.8,SW,6,0,0,0,0,0,0
1040,5-Nov-18,18.6,22.7,17.2,1.3,0.0,91,84,4.8,SE,7,0,0,0,0,0,0
1041,6-Nov-18,19.3,23.3,17.7,1.1,0.0,89,77,4.0,SE,6,0,0,0,0,0,0
1042,7-Nov-18,20.4,23.8,18.9,1.2,0.4,93,78,5.6,SW,5,1,0,0,0,0,0
1043,8-Nov-18,17.5,20.2,14.1,0.8,1.4,88,77,0.0,NE,8,1,0,0,0,0,0
1044,9-Nov-18,17.6,18.8,16.2,1.0,0.1,92,86,0.0,SE,5,1,0,0,0,0,0
1045,10-Nov-18,18.5,19.2,17.4,0.2,0.6,96,89,0.0,NE,5,1,0,0,0,0,0
1046,11-Nov-18,18.3,18.7,16.9,0.1,12.5,94,91,0.0,SE,5,0,1,0,0,1,0
1047,12-Nov-18,18.4,19.0,17.1,0.2,10.8,94,90,0.0,SE,6,0,1,0,0,0,0
1048,13-Nov-18,18.3,19.3,17.8,0.4,0.0,94,87,1.5,NE,6,0,0,0,0,0,0
1049,14-Nov-18,19.1,21.0,17.4,0.5,0.0,96,91,0.9,SW,7,0,0,0,0,0,0
1050,15-Nov-18,20.2,24.8,19.1,0.5,0.0,95,91,3.4,SE,6,0,0,0,0,0,0
1051,16-Nov-18,20.4,23.0,19.4,0.4,0.0,97,96,2.5,SW,5,0,0,0,0,0,0
1052,17-Nov-18,19.6,20.8,18.9,1.2,0.2,90,80,0.1,W,8,1,0,0,0,1,0
1053,18-Nov-18,19.9,21.8,18.4,0.6,0.1,98,95,0.0,SW,8,1,0,0,0,1,0
1054,19-Nov-18,18.6,20.5,17.8,0.2,2.7,100,100,0.0,SW,6,0,1,0,0,0,0
1055,20-Nov-18,19.0,20.3,17.4,0.0,1.4,100,99,0.0,SE,6,0,0,1,0,0,0
1056,21-Nov-18,18.7,20.5,15.7,0.2,2.0,98,97,2.0,NE,9,1,0,0,0,0,0
1057,22-Nov-18,12.7,15.7,10.4,1.2,2.7,81,75,0.4,NE,12,1,0,0,0,0,0
1058,23-Nov-18,13.3,15.5,12.6,1.9,0.0,71,63,1.4,NE,10,0,0,0,0,0,0
1059,24-Nov-18,15.2,17.9,13.1,1.6,0.0,85,78,2.7,SE,7,0,0,0,0,0,0
1060,25-Nov-18,15.4,18.5,14.2,1.2,0.0,84,74,5.8,NE,6,0,0,0,0,0,0
1061,26-Nov-18,15.2,18.0,14.0,1.4,0.0,88,77,4.3,NE,6,0,0,0,0,0,0
1062,27-Nov-18,13.9,18.4,12.2,1.2,0.0,85,76,5.3,NE,4,0,0,0,0,0,0
1063,28-Nov-18,14.5,18.7,12.4,1.6,0.0,81,66,8.9,SW,5,0,0,0,0,0,0
1064,29-Nov-18,15.3,19.0,12.8,0.8,0.0,90,85,5.8,SE,5,0,0,0,0,0,0
1065,30-Nov-18,17.1,19.4,15.5,1.2,0.0,95,88,0.7,SE,6,0,0,0,0,0,0
1066,1-Dec-18,18.4,21.4,17.8,0.3,9.6,99,99,2.5,SW,6,0,1,0,0,0,0
1067,2-Dec-18,18.8,20.1,17.9,0.1,0.0,98,96,0.3,SW,5,0,0,0,0,0,0
1068,3-Dec-18,19.3,21.5,18.0,0.7,0.0,91,85,5.7,SSW,5,0,0,0,0,0,0
1069,4-Dec-18,19.6,21.9,18.5,0.5,0.0,94,82,1.8,SW,5,0,0,0,0,0,0
1070,5-Dec-18,18.5,20.1,17.7,0.3,0.1,94,86,2.5,SW,6,1,0,0,0,0,0
1071,6-Dec-18,19.3,23.0,17.6,1.5,0.0,94,87,3.5,SW,6,0,0,0,0,0,0
1072,7-Dec-18,18.4,20.4,17.8,0.3,0.0,96,89,1.2,WSW,5,0,0,0,0,0,0
1073,8-Dec-18,13.5,17.9,11.9,0.2,4.9,100,100,0.0,NE,6,1,0,0,0,0,0
1074,9-Dec-18,12.3,13.4,10.3,0.0,6.0,100,99,0.0,ENE,5,1,0,0,0,0,0
1075,10-Dec-18,14.2,17.1,11.5,0.4,0.4,93,82,0.9,S,5,1,0,0,0,0,0
1076,11-Dec-18,10.6,14.5,7.2,0.4,2.2,94,90,0.0,NE,11,1,0,0,0,0,0
1077,12-Dec-18,6.6,8.2,5.8,0.5,18.1,95,90,0.0,NE,11,1,0,0,0,0,0
1078,13-Dec-18,6.9,7.9,6.1,0.2,0.1,100,100,0.0,NW,4,1,0,0,0,0,0
1079,14-Dec-18,8.9,11.5,6.6,0.2,0.0,100,99,0.0,SW,3,0,0,0,0,0,0
1080,15-Dec-18,12.0,13.6,9.5,0.3,0.0,94,90,0.0,WSW,3,0,0,0,0,0,0
1081,16-Dec-18,12.1,12.9,10.8,0.5,0.0,89,70,0.3,N,4,0,0,0,0,0,0
1082,17-Dec-18,11.5,14.3,9.6,2.4,0.0,74,66,6.7,NNE,5,0,0,0,0,0,0
1083,18-Dec-18,12.2,16.4,10.0,2.3,0.0,72,65,8.5,SE,4,0,0,0,1,0,0
1084,19-Dec-18,14.6,18.5,12.1,1.5,0.0,89,73,6.8,SSE,6,0,0,0,0,0,0
1085,20-Dec-18,17.0,21.2,15.0,0.9,0.0,93,81,7.3,E,4,0,0,0,0,0,0
1086,21-Dec-18,17.8,20.3,15.9,1.0,0.1,93,83,5.6,NE,4,1,0,0,0,0,0
1087,22-Dec-18,18.4,21.8,17.3,0.4,0.1,96,84,4.5,SW,5,1,0,0,0,0,0
1088,23-Dec-18,17.6,19.6,16.8,0.6,6.6,94,83,0.0,SE,6,0,1,0,0,0,0
1089,24-Dec-18,16.2,19.6,15.3,1.1,0.0,93,84,4.6,SW,5,0,0,0,0,0,0
1090,25-Dec-18,15.5,19.8,13.9,0.5,0.0,91,83,4.2,S,4,0,0,0,0,0,0
1091,26-Dec-18,16.6,20.6,15.0,1.0,0.1,87,71,3.6,SE,6,1,0,0,0,0,0
1092,27-Dec-18,16.6,20.3,15.2,1.1,0.0,92,79,4.6,SW,4,0,0,0,0,0,0
1093,28-Dec-18,12.3,15.6,9.0,0.4,22.8,98,93,0.0,NE,8,1,0,0,0,0,0
1094,29-Dec-18,7.0,9.6,5.2,0.0,19.7,100,100,0.0,NE,8,1,0,0,0,0,0
1095,30-Dec-18,4.0,5.2,2.8,0.3,18.3,95,92,0.0,NE,8,1,0,0,0,0,0
1096,31-Dec-18,6.0,7.4,3.3,0.5,1.0,92,82,0.0,NE,7,1,0,0,0,0,0
1097,1-Jan-19,6.3,6.8,5.5,0.2,0.2,98,92,0.0,NE,5,1,0,0,0,0,0
1098,2-Jan-19,7.3,9.0,6.0,0.0,0.4,100,99,0.0,NE,4,1,0,0,0,0,0
1099,3-Jan-19,9.5,12.4,7.1,0.0,0.9,98,96,0.5,SW,3,1,0,0,0,0,0
1100,4-Jan-19,12.5,15.9,10.4,0.4,0.1,93,88,0.2,SE,3,1,0,0,0,0,0
1101,5-Jan-19,15.5,17.8,13.1,0.5,0.7,93,88,1.9,SW,4,1,0,0,0,0,0
1102,6-Jan-19,15.0,16.5,14.2,0.1,0.5,99,95,0.0,SSE,4,1,0,0,0,0,0
1103,7-Jan-19,15.4,16.2,14.4,0.0,0.1,100,98,0.0,WNW,5,1,0,0,0,0,0
1104,8-Jan-19,15.5,16.4,15.0,0.0,3.0,100,100,0.0,SSW,4,1,0,0,0,0,0
1105,9-Jan-19,11.5,15.4,10.0,0.0,12.2,99,97,0.0,NE,4,1,0,0,0,0,0
1106,10-Jan-19,13.5,14.7,11.8,0.0,2.8,99,97,0.0,SE,3,1,0,0,0,0,0
1107,11-Jan-19,14.7,15.2,14.6,0.0,0.6,99,98,0.0,SW,3,1,0,0,0,0,0
1108,12-Jan-19,15.1,15.6,14.5,0.1,1.9,98,96,0.0,S,3,1,0,0,0,0,0
1109,13-Jan-19,16.0,17.0,15.4,0.4,0.8,98,97,0.0,SE,3,1,0,0,1,0,0
1110,14-Jan-19,15.6,16.4,15.3,0.1,7.4,98,96,0.0,SW,4,1,0,0,1,0,0
1111,15-Jan-19,14.3,15.8,11.0,0.1,19.9,99,97,0.3,ENE,8,1,1,0,1,0,0
1112,16-Jan-19,8.7,11.7,6.9,0.0,11.7,97,93,0.0,NNE,10,1,0,1,0,0,0
1113,17-Jan-19,8.5,9.1,7.3,0.1,0.6,99,96,0.0,W,3,1,0,1,1,0,0
1114,18-Jan-19,10.7,11.4,8.9,0.1,0.4,96,91,0.0,SW,5,1,0,0,0,0,0
1115,19-Jan-19,14.1,17.2,11.4,0.8,0.0,91,79,3.4,S,5,0,0,0,0,0,0
1116,20-Jan-19,14.6,15.4,13.3,0.2,0.7,99,98,0.0,E,5,1,0,0,1,0,0
1117,21-Jan-19,10.4,14.8,8.7,0.4,2.6,94,84,0.0,NNE,7,1,0,0,0,0,0
1118,22-Jan-19,9.2,11.4,7.4,1.6,0.0,82,67,2.7,NE,9,0,0,0,0,0,0
1119,23-Jan-19,10.5,11.6,9.2,1.0,0.0,85,77,0.0,NE,4,0,0,0,0,0,0
1120,24-Jan-19,11.0,12.0,10.1,0.4,0.6,100,99,0.0,S,5,0,0,1,1,0,0
1121,25-Jan-19,13.1,14.0,12.0,0.2,3.0,100,98,0.0,SW,3,1,0,1,1,0,0
1122,26-Jan-19,13.2,14.3,12.2,0.1,2.8,95,88,0.0,NE,7,1,0,0,0,0,0
1123,27-Jan-19,12.8,16.3,11.6,1.0,0.0,91,87,2.6,E,5,0,0,0,0,0,0
1124,28-Jan-19,14.1,18.1,12.2,0.9,0.0,93,80,5.8,ENE,5,0,0,0,0,0,0
1125,29-Jan-19,14.1,16.6,12.7,1.0,0.0,97,92,1.1,SW,5,0,0,0,0,0,0
1126,30-Jan-19,15.1,17.0,14.2,0.5,0.7,100,100,0.0,SSW,7,1,0,0,1,0,0
1127,31-Jan-19,16.0,17.8,15.1,0.4,0.3,95,80,0.0,SW,6,1,0,0,1,0,0
1128,1-Feb-19,14.5,17.0,13.9,0.4,0.0,96,93,0.0,SE,5,0,0,0,0,0,0
1129,2-Feb-19,14.8,18.2,13.1,0.3,0.1,94,90,0.7,ESE,5,1,0,0,1,0,0
1130,3-Feb-19,15.5,16.3,15.1,0.2,0.0,99,96,0.7,SE,4,0,0,0,1,0,0
1131,4-Feb-19,16.4,19.4,15.0,0.5,0.1,99,97,2.2,SW,6,1,0,0,0,0,0
1132,5-Feb-19,16.9,21.3,16.0,0.5,0.0,95,89,5.6,E,4,0,0,0,0,0,0
1133,6-Feb-19,18.1,22.0,16.7,0.4,0.1,93,81,6.1,SE,5,1,0,0,1,0,0
1134,7-Feb-19,19.5,25.6,15.2,3.8,0.0,73,58,9.8,SW,5,0,0,0,0,0,0
1135,8-Feb-19,21.2,26.0,17.7,4.4,0.0,59,47,9.9,W,5,0,0,0,0,0,0
1136,9-Feb-19,19.6,23.8,16.5,3.3,0.0,76,59,8.1,SW,5,0,0,0,0,0,0
1137,10-Feb-19,18.3,20.6,17.3,0.4,0.0,92,90,1.7,SW,9,0,0,0,0,0,0
1138,11-Feb-19,16.9,18.5,15.4,0.0,3.8,100,99,0.0,SSW,8,1,0,0,0,0,0
1139,12-Feb-19,15.9,16.3,15.2,0.0,0.7,99,99,0.0,WSW,7,1,0,1,0,0,0
1140,13-Feb-19,16.3,16.7,15.8,0.0,1.6,99,99,0.0,SW,7,1,0,0,1,0,0
1141,14-Feb-19,15.9,16.8,15.1,0.4,0.1,99,97,0.0,SW,6,1,0,0,1,0,0
1142,15-Feb-19,16.6,18.4,15.9,0.3,0.0,98,95,0.3,SW,8,0,0,0,0,0,0
1143,16-Feb-19,17.8,18.4,16.5,0.0,1.5,98,95,0.0,SW,5,1,0,0,1,0,0
1144,17-Feb-19,16.9,18.3,16.3,0.0,64.6,100,100,0.0,SW,8,1,1,0,1,1,0
1145,18-Feb-19,18.2,22.7,13.6,3.0,25.8,82,64,8.9,SW,10,1,1,0,1,1,0
1146,19-Feb-19,19.1,23.3,17.3,1.3,0.0,89,76,9.6,NE,5,0,0,0,0,0,0
1147,20-Feb-19,19.6,23.6,17.8,0.9,0.0,93,82,8.9,SE,6,0,0,0,0,0,0
1148,21-Feb-19,19.8,24.3,16.6,1.9,0.0,93,73,9.6,SE,6,0,0,0,1,0,0
1149,22-Feb-19,16.7,19.6,15.0,0.1,0.2,100,99,0.0,E,7,1,0,0,1,0,0
1150,23-Feb-19,15.2,16.7,14.8,0.0,1.2,100,99,0.0,SSE,6,1,0,0,1,0,0
1151,24-Feb-19,11.5,13.4,10.4,0.0,0.6,100,99,0.0,E,3,1,0,0,0,0,0
1152,25-Feb-19,11.3,12.5,10.4,0.0,2.1,100,99,0.0,SW,2,1,0,0,1,0,0
1153,26-Feb-19,13.4,15.2,11.6,0.0,1.4,99,98,0.0,WSW,7,1,0,0,0,0,0
1154,27-Feb-19,15.6,16.3,15.0,0.0,0.8,98,96,0.0,SW,3,1,0,0,0,0,0
1155,28-Feb-19,17.3,18.2,16.0,0.0,1.1,99,97,0.0,SW,6,1,0,0,0,0,0
1156,1-Mar-19,18.1,20.2,16.1,0.9,1.6,92,86,4.1,SSE,7,0,1,0,0,1,0
1157,2-Mar-19,18.8,20.6,17.5,0.0,0.0,99,96,1.2,WSW,7,0,0,0,0,0,0
1158,3-Mar-19,19.3,21.4,18.0,0.8,0.0,95,85,6.1,ESE,5,0,0,0,0,0,0
1159,4-Mar-19,17.8,19.5,16.2,0.0,7.4,100,100,0.0,SSE,8,1,1,0,1,0,0
1160,5-Mar-19,19.5,21.3,18.6,0.2,1.9,99,98,2.5,SSE,7,1,0,0,0,0,0
1161,6-Mar-19,18.3,20.0,15.7,0.4,0.0,93,83,0.7,NE,8,0,0,0,0,0,0
1162,7-Mar-19,14.0,16.2,12.4,0.1,7.4,100,100,0.0,NE,6,1,1,0,0,0,0
1163,8-Mar-19,14.5,16.2,13.0,0.1,1.6,98,95,0.0,SE,6,1,0,0,0,0,0
1164,9-Mar-19,14.8,16.0,14.0,0.0,0.8,99,98,0.0,SSE,3,1,0,0,0,0,0
1165,10-Mar-19,12.9,14.6,11.0,0.2,0.9,94,90,0.0,NE,11,1,0,0,0,0,0
1166,11-Mar-19,14.7,16.7,13.2,1.1,0.0,85,78,2.6,NNE,5,0,0,0,0,0,0
1167,12-Mar-19,15.1,17.8,13.2,1.1,0.0,86,80,0.4,SW,4,0,0,0,0,0,0
1168,13-Mar-19,15.8,17.9,14.5,0.9,0.0,91,82,0.2,E,4,0,0,0,0,0,0
1169,14-Mar-19,18.5,20.8,17.0,0.6,0.0,92,83,0.5,NE,6,0,0,0,0,0,0
1170,15-Mar-19,14.6,19.4,13.1,0.2,0.2,95,93,0.0,NE,9,1,0,0,0,0,0
1171,16-Mar-19,14.3,15.2,12.9,0.3,2.2,99,97,0.0,NE,6,1,0,0,0,0,0
1172,17-Mar-19,15.9,16.6,15.2,0.0,1.7,99,98,0.0,NE,4,0,0,1,0,0,0
1173,18-Mar-19,16.8,17.1,16.6,0.1,1.8,98,97,0.0,ESE,4,1,0,0,0,0,0
1174,19-Mar-19,17.3,20.9,15.5,0.4,4.0,98,96,2.1,W,6,1,1,0,0,0,0
1175,20-Mar-19,19.6,22.2,17.8,0.8,0.1,96,90,1.0,SW,4,1,0,0,0,0,0
1176,21-Mar-19,20.4,24.3,19.3,1.4,0.6,92,81,0.0,E,4,1,0,0,0,0,0
1177,22-Mar-19,20.4,23.3,18.6,0.9,0.0,87,76,0.0,WNW,3,0,0,0,0,0,0
1178,23-Mar-19,17.9,20.4,14.8,0.9,0.6,90,75,0.0,NE,10,0,1,0,0,0,0
1179,24-Mar-19,12.8,15.4,11.3,1.5,0.0,88,76,0.0,NE,12,0,0,0,0,0,0
1180,25-Mar-19,13.5,15.1,12.2,0.2,1.1,99,98,0.0,NE,3,1,0,0,0,0,0
1181,26-Mar-19,15.7,16.7,13.6,0.0,0.6,99,98,0.0,W,5,1,0,0,0,0,0
1182,27-Mar-19,17.0,18.1,16.2,0.1,0.6,99,98,0.0,WSW,4,1,0,0,0,0,0
1183,28-Mar-19,19.0,20.0,17.8,0.2,0.2,97,93,0.0,WSW,4,1,0,0,0,0,0
1184,29-Mar-19,19.6,22.6,17.2,1.0,14.1,91,89,4.6,ENE,4,0,1,1,0,1,0
1185,30-Mar-19,20.2,22.0,19.3,0.3,0.1,99,95,1.9,ENE,4,1,0,0,0,0,0
1186,31-Mar-19,20.4,22.0,19.3,0.1,0.0,99,96,0.0,WSW,6,0,0,0,0,0,0
1187,1-Apr-19,19.2,21.3,16.7,0.8,45.9,92,68,0.0,NE,11,1,1,0,0,1,0
1188,2-Apr-19,18.0,18.6,16.9,0.0,2.8,99,98,0.0,ESE,5,1,1,0,0,0,0
1189,3-Apr-19,18.9,19.3,18.5,0.0,8.6,100,99,0.0,SSW,5,1,0,0,0,0,0
1190,4-Apr-19,19.1,21.2,15.3,0.4,24.8,95,83,5.2,WNW,9,1,1,0,0,1,0
1191,5-Apr-19,18.6,20.3,17.4,0.1,1.2,99,98,0.0,SE,6,1,0,0,0,0,0
1192,6-Apr-19,18.8,19.9,17.7,0.2,0.0,99,98,0.0,WSW,4,0,0,0,0,0,0
1193,7-Apr-19,20.4,22.5,19.4,0.3,0.0,96,90,0.0,ESE,3,0,0,0,0,0,0
1194,8-Apr-19,21.4,23.8,20.0,0.6,0.0,98,95,5.1,ESE,7,0,0,0,0,0,0
1195,9-Apr-19,22.3,24.7,20.4,0.5,0.0,96,90,2.9,E,5,0,0,0,0,0,0
1196,10-Apr-19,22.7,24.5,21.5,0.7,0.0,96,90,1.5,E,3,0,0,0,0,0,0
1197,11-Apr-19,21.7,24.0,21.0,0.1,0.6,94,86,1.5,S,3,1,0,0,0,0,0
1198,12-Apr-19,21.8,22.0,20.9,0.1,1.9,99,98,0.1,ESE,5,1,0,0,0,0,0
1199,13-Apr-19,21.6,22.0,21.2,0.0,1.0,99,97,0.0,WSW,7,1,0,0,0,0,0
1200,14-Apr-19,22.0,22.2,20.3,0.1,54.7,98,96,1.8,NE,7,1,1,0,0,1,0
1201,15-Apr-19,20.0,22.2,18.9,0.3,4.8,96,91,0.0,NE,9,1,1,0,0,0,0
1202,16-Apr-19,20.0,20.7,19.2,0.4,0.5,97,90,0.0,NE,6,1,0,0,0,0,0
1203,17-Apr-19,19.7,21.0,19.0,0.2,0.1,99,96,0.0,S,5,1,0,0,0,0,0
1204,18-Apr-19,22.1,24.2,20.4,0.9,3.9,93,80,9.4,ENE,5,1,0,0,0,0,0
1205,19-Apr-19,25.7,30.0,22.2,3.9,0.0,73,65,10.4,SW,4,0,0,0,0,0,0
1206,20-Apr-19,28.3,31.3,26.3,8.2,0.0,54,52,10.4,WSW,6,0,0,0,0,0,0
1207,21-Apr-19,25.5,27.8,23.2,2.8,0.0,77,63,6.8,ENE,5,0,0,0,0,0,0
1208,22-Apr-19,26.3,29.9,24.0,7.1,0.0,57,47,9.0,W,6,0,0,0,0,0,0
1209,23-Apr-19,23.4,25.1,21.4,0.6,0.1,89,82,0.0,S,4,1,0,0,0,0,0
1210,24-Apr-19,24.2,29.1,21.0,2.1,2.6,84,66,10.6,NE,6,0,1,0,0,1,0
1211,25-Apr-19,24.4,27.1,22.7,1.2,0.0,88,85,6.0,NE,4,0,0,0,0,0,0
1212,26-Apr-19,22.0,24.8,21.6,0.9,0.0,95,87,2.5,NE,6,0,0,0,0,1,0
1213,27-Apr-19,22.4,25.0,20.0,1.1,3.0,85,68,6.7,NE,9,1,1,0,0,1,0
1214,28-Apr-19,21.8,22.5,20.4,0.4,0.3,90,66,1.5,WSW,7,1,0,0,0,0,0
1215,29-Apr-19,22.2,25.6,20.1,1.3,0.0,90,81,6.2,WSW,7,0,0,0,0,0,0
1216,30-Apr-19,20.5,22.9,19.6,0.6,92.5,82,72,0.0,NE,8,1,1,0,0,1,0
1217,1-May-19,19.1,20.8,17.7,0.6,8.3,89,82,0.6,NE,11,1,1,0,0,1,0
1218,2-May-19,19.1,20.2,18.2,0.4,4.4,94,90,0.3,NE,7,1,0,0,0,0,0
1219,3-May-19,18.7,19.1,17.5,0.2,1.2,98,92,0.0,NE,8,1,0,0,0,0,0
1220,4-May-19,20.8,22.2,19.1,0.1,1.4,99,98,0.7,E,6,1,0,0,0,0,0
1221,5-May-19,22.3,24.9,20.7,0.1,4.3,99,97,1.9,E,6,1,0,0,0,0,0
1222,6-May-19,23.1,24.0,22.1,0.1,0.3,97,94,0.0,E,3,1,0,0,0,0,0
1223,7-May-19,21.5,23.2,21.1,0.0,0.1,98,97,0.0,NE,7,1,0,0,0,0,0
1224,8-May-19,21.0,22.0,19.8,0.1,2.4,98,96,0.0,NE,8,1,0,0,0,0,0
1225,9-May-19,18.6,19.8,17.4,0.1,2.0,97,96,0.0,ENE,9,1,0,0,0,0,0
1226,10-May-19,18.4,19.2,17.1,0.3,1.5,94,88,0.0,NE,11,1,0,0,0,0,0
1227,11-May-19,20.0,20.7,19.2,0.0,7.3,98,96,1.1,ESE,4,1,0,0,0,0,0
1228,12-May-19,21.4,22.2,20.3,0.2,3.1,98,96,0.0,WSW,6,1,0,0,0,0,0
1229,13-May-19,21.6,22.5,21.1,0.1,0.1,98,97,0.0,WSW,7,1,0,0,0,0,0
1230,14-May-19,22.6,24.8,21.4,0.1,1.1,96,89,1.1,WSW,8,1,1,0,0,0,0
1231,15-May-19,24.0,27.8,20.8,1.5,0.1,86,68,9.9,ESE,5,1,0,0,0,0,0
1232,16-May-19,25.5,29.9,23.7,2.0,0.0,83,80,10.0,S,6,0,0,0,0,0,0
1233,17-May-19,27.2,31.6,25.2,4.7,0.0,66,61,11.7,S,6,0,0,0,0,0,0
1234,18-May-19,28.3,32.6,25.8,6.0,0.0,62,59,11.7,SSE,6,0,0,0,0,0,0
1235,19-May-19,28.5,33.1,26.2,7.0,0.0,59,48,11.7,NE,9,0,0,0,0,0,0
1236,20-May-19,25.7,29.0,23.4,3.7,0.0,79,61,4.4,WNW,10,0,0,0,0,0,0
1237,21-May-19,20.3,23.4,19.5,0.8,3.4,97,95,0.0,NW,11,1,1,0,0,1,0
1238,22-May-19,18.9,21.3,17.8,0.4,2.3,99,95,0.0,NNE,8,1,0,0,0,0,0
1239,23-May-19,21.2,23.8,19.3,0.4,0.0,90,86,2.1,NE,4,0,0,0,0,0,0
1240,24-May-19,22.4,25.8,20.8,0.6,0.0,94,87,1.9,SW,5,0,0,0,0,0,0
1241,25-May-19,23.4,28.2,21.3,1.3,0.0,92,77,8.1,WSW,8,0,0,0,0,0,0
1242,26-May-19,24.2,27.2,21.6,2.0,0.0,85,78,6.1,WSW,6,0,0,0,0,0,0
1243,27-May-19,23.7,25.2,22.8,1.2,3.7,86,83,0.0,E,5,0,1,0,0,1,0
1244,28-May-19,23.0,25.0,22.2,0.5,1.1,92,85,1.0,E,5,1,1,0,0,0,0
1245,29-May-19,21.5,23.6,20.0,0.4,37.6,92,90,0.0,WNW,9,1,1,0,0,1,0
1246,30-May-19,21.8,22.6,20.9,0.2,5.5,97,95,0.0,ESE,4,1,0,0,0,0,0
1247,31-May-19,21.2,22.2,20.1,0.2,52.7,94,82,0.0,NE,7,1,1,0,0,1,0
1248,1-Jun-19,20.4,22.6,18.0,0.5,49.3,92,86,0.0,NNE,9,1,1,0,0,1,0
1249,2-Jun-19,21.5,24.2,18.0,0.9,0.0,75,66,2.6,NE,8,0,0,0,0,0,0
1250,3-Jun-19,22.6,25.1,21.1,1.0,0.0,77,54,3.9,ESE,3,0,0,0,0,0,0
1251,4-Jun-19,23.4,27.1,20.2,1.1,35.1,83,74,6.3,S,5,0,1,0,0,1,0
1252,5-Jun-19,23.0,28.3,19.9,1.7,31.3,79,68,4.3,SW,4,0,1,0,0,1,0
1253,6-Jun-19,24.1,28.0,20.2,1.5,6.9,80,71,7.2,NE,7,0,1,0,0,1,0
1254,7-Jun-19,23.8,26.0,22.1,1.3,12.0,88,82,3.3,WNW,7,0,1,0,0,1,0
1255,8-Jun-19,23.9,26.2,19.8,0.8,39.7,87,82,4.8,SW,7,1,1,0,0,1,0
1256,9-Jun-19,26.2,30.0,24.2,3.2,0.0,76,69,11.2,ESE,4,0,0,0,0,0,0
1257,10-Jun-19,26.7,29.6,25.2,2.9,0.0,77,71,7.1,ESE,7,0,0,0,0,0,0
1258,11-Jun-19,25.8,27.4,23.5,2.8,0.0,83,74,0.7,SW,10,0,0,0,0,0,0
1259,12-Jun-19,26.5,30.0,24.8,2.7,0.0,78,70,7.6,NNW,5,0,0,0,0,0,0
1260,13-Jun-19,25.4,27.7,22.2,2.3,0.8,78,72,1.6,NE,9,1,0,0,0,1,0
1261,14-Jun-19,24.8,28.3,24.0,1.4,1.1,90,84,3.3,ESE,4,1,0,0,0,0,0
1262,15-Jun-19,25.5,27.0,24.3,3.5,0.0,85,78,2.5,WSW,4,0,0,0,0,0,0
1263,16-Jun-19,25.5,29.5,22.0,2.4,15.2,82,75,7.4,W,8,0,1,0,0,1,0
1264,17-Jun-19,25.0,27.2,22.4,1.5,2.7,91,85,3.4,E,7,0,0,0,0,0,0
1265,18-Jun-19,22.8,24.7,20.5,0.4,95.0,98,96,0.4,NE,7,1,1,0,0,1,0
1266,19-Jun-19,24.1,28.0,21.9,0.9,0.2,93,81,6.8,E,5,1,0,0,0,0,0
1267,20-Jun-19,25.1,27.2,23.4,1.1,0.0,89,77,0.0,S,5,0,0,0,0,0,0
1268,21-Jun-19,26.8,30.7,24.0,2.9,0.0,79,72,12.1,S,5,0,0,0,0,0,0
1269,22-Jun-19,27.3,32.0,25.0,4.2,0.0,74,65,11.3,SSW,6,0,0,0,0,0,0
1270,23-Jun-19,25.7,28.0,24.3,1.9,0.0,89,75,5.6,S,8,0,0,0,0,0,0
1271,24-Jun-19,23.7,25.1,23.0,0.8,53.8,92,80,0.0,WSW,11,1,1,0,0,1,0
1272,25-Jun-19,24.3,27.9,22.8,0.6,0.1,93,83,3.2,S,4,1,0,0,0,0,0
1273,26-Jun-19,26.0,30.0,23.2,2.4,0.0,82,70,9.9,W,5,0,0,0,0,0,0
1274,27-Jun-19,26.9,30.2,25.0,3.7,0.0,76,71,6.8,W,4,0,0,0,0,0,0
1275,28-Jun-19,28.0,32.2,25.0,4.7,0.0,73,65,11.0,E,6,0,0,0,0,0,0
1276,29-Jun-19,27.8,31.4,25.7,4.3,0.0,72,66,10.1,E,5,0,0,0,0,0,0
1277,30-Jun-19,23.9,28.0,21.9,1.5,15.1,86,80,0.5,NE,6,1,1,0,0,1,0
1278,1-Jul-19,24.8,27.0,23.0,1.3,2.3,80,79,1.4,NE,6,1,0,0,0,1,0
1279,2-Jul-19,24.5,26.4,23.0,1.0,6.1,86,84,3.5,NNE,7,1,1,0,0,1,0
1280,3-Jul-19,25.2,28.0,24.1,2.4,5.5,86,79,4.4,S,8,1,1,0,0,0,1
1281,4-Jul-19,21.7,24.1,21.1,0.4,190.8,99,96,0.0,NE,12,1,1,0,0,0,0
1282,5-Jul-19,24.0,27.5,21.2,1.0,22.6,92,81,8.2,WSW,6,1,0,0,0,0,0
1283,6-Jul-19,25.4,28.0,23.2,2.7,0.0,85,77,7.2,ESE,5,0,0,0,0,0,0
1284,7-Jul-19,25.9,29.7,23.0,3.3,0.0,82,76,8.6,W,4,0,0,0,0,0,0
1285,8-Jul-19,26.6,29.4,24.2,3.4,0.0,79,72,8.5,WSW,4,0,0,0,0,0,0
1286,9-Jul-19,25.7,28.5,22.5,2.3,0.0,82,77,2.0,NNW,21,0,0,0,0,0,0
1287,10-Jul-19,22.6,24.0,21.3,0.5,17.3,92,88,0.0,N,12,1,1,0,0,1,0
1288,11-Jul-19,24.1,26.9,22.2,1.4,0.1,89,80,1.8,NW,6,1,0,0,0,0,0
1289,12-Jul-19,25.9,28.6,23.9,3.2,0.0,78,72,3.5,NNW,8,0,0,0,0,0,0
1290,13-Jul-19,26.4,30.0,24.1,3.8,0.0,78,70,6.3,NW,9,0,0,0,0,0,0
1291,14-Jul-19,24.0,27.5,21.9,1.9,6.7,86,78,0.0,NNW,18,1,0,0,0,0,0
1292,15-Jul-19,23.9,27.0,22.0,1.1,27.8,90,80,3.2,WNW,10,1,1,0,0,1,0
1293,16-Jul-19,24.1,25.9,22.0,2.3,6.0,91,86,3.0,SE,7,1,1,0,0,0,0
1294,17-Jul-19,25.3,28.8,23.1,2.3,0.0,87,76,9.3,ESE,6,0,0,0,0,0,0
1295,18-Jul-19,25.6,27.0,23.8,1.0,0.0,88,81,1.2,WSW,4,0,0,0,0,0,0
1296,19-Jul-19,26.7,28.3,25.0,1.4,0.0,87,78,4.6,S,4,0,0,0,0,0,0
1297,20-Jul-19,25.5,28.1,23.0,2.3,0.2,85,80,7.8,NE,6,1,0,0,0,1,0
1298,21-Jul-19,25.1,29.3,23.1,2.9,14.1,83,75,10.6,WSW,4,0,1,0,0,1,0
1299,22-Jul-19,24.8,27.3,22.9,1.4,0.1,82,76,7.2,S,6,1,0,0,0,0,0
1300,23-Jul-19,23.3,25.0,22.0,0.9,13.5,89,84,0.4,NE,5,1,1,0,0,0,0
1301,24-Jul-19,23.1,25.1,21.9,1.6,2.1,91,86,0.5,WSW,4,1,1,0,0,0,0
1302,25-Jul-19,22.8,25.1,21.9,0.8,2.4,94,92,0.7,NE,4,1,0,0,0,0,0
1303,26-Jul-19,23.3,26.1,21.9,0.8,0.6,92,88,5.0,W,3,1,0,0,0,0,0
1304,27-Jul-19,24.1,28.5,22.2,1.3,0.9,88,80,10.9,WSW,6,1,0,0,0,0,0
1305,28-Jul-19,24.6,28.7,23.1,1.5,0.0,88,86,6.9,ESE,5,0,0,0,0,0,0
1306,29-Jul-19,23.9,26.8,22.9,1.1,0.0,91,87,3.7,NE,6,0,0,0,0,0,0
1307,30-Jul-19,23.8,26.3,20.7,1.4,112.6,87,79,5.4,ESE,5,1,1,0,0,1,0
1308,31-Jul-19,23.9,26.4,22.0,1.8,1.7,82,76,7.2,NE,5,1,0,0,0,0,0
1309,1-Aug-19,24.4,26.3,21.2,2.3,32.2,74,68,0.1,W,6,1,1,0,0,1,0
1310,2-Aug-19,22.7,25.1,21.0,1.9,32.6,85,80,0.0,NE,6,1,1,0,0,1,0
1311,3-Aug-19,21.8,24.0,20.9,0.6,142.1,93,85,0.0,WSW,9,1,0,0,0,0,0
1312,4-Aug-19,21.0,21.4,20.6,0.0,110.1,98,97,0.0,NE,8,1,0,0,0,0,0
1313,5-Aug-19,21.7,23.1,20.4,0.5,5.9,94,92,0.9,NNE,5,1,1,0,0,0,0
1314,6-Aug-19,23.1,25.8,21.2,0.6,3.2,92,90,4.4,W,5,0,1,0,0,0,0
1315,7-Aug-19,24.3,27.3,22.3,1.0,0.0,90,88,6.1,WSW,3,0,0,0,1,0,0
1316,8-Aug-19,25.0,27.1,21.2,1.1,13.3,89,86,4.2,WNW,4,1,1,0,0,1,0
1317,9-Aug-19,24.0,26.5,21.0,1.3,3.2,89,87,3.7,SW,6,1,0,0,0,0,1
1318,10-Aug-19,24.5,27.7,22.7,1.0,0.0,92,87,6.5,SW,2,0,0,0,0,0,0
1319,11-Aug-19,25.0,27.6,23.0,1.5,0.0,90,90,7.0,SSE,3,0,0,0,0,0,0
1320,12-Aug-19,25.3,26.5,23.8,1.1,18.2,90,88,3.6,E,6,0,1,0,0,1,0
1321,13-Aug-19,25.9,30.1,23.1,1.9,0.0,85,75,11.3,SW,4,0,0,0,0,0,0
1322,14-Aug-19,25.7,28.2,24.2,1.3,0.0,89,87,5.2,WSW,3,0,0,0,0,0,0
1323,15-Aug-19,25.8,28.3,23.3,2.1,1.4,90,87,9.6,SW,3,1,0,0,0,0,0
1324,16-Aug-19,24.1,26.2,22.2,1.2,0.9,82,77,2.1,NE,7,1,0,0,0,0,0
1325,17-Aug-19,22.9,24.5,22.0,0.6,12.0,81,72,0.9,SSE,4,1,1,0,0,1,0
1326,18-Aug-19,23.9,26.5,22.2,1.3,0.8,83,77,4.4,WSW,4,1,0,0,0,0,0
1327,19-Aug-19,24.7,27.4,23.2,0.9,47.0,88,83,3.7,NE,4,1,1,0,0,1,0
1328,20-Aug-19,24.1,26.5,21.6,1.3,3.1,90,83,5.2,NNE,6,1,0,0,0,0,0
1329,21-Aug-19,22.4,23.5,21.8,0.6,14.4,94,92,0.5,NE,6,1,1,0,0,1,0
1330,22-Aug-19,22.2,24.6,20.6,0.8,28.5,96,93,1.0,NE,4,1,1,0,0,1,0
1331,23-Aug-19,22.0,25.4,20.2,1.1,3.2,90,82,3.8,NE,8,1,0,0,0,0,0
1332,24-Aug-19,23.5,27.1,21.4,2.2,1.0,85,71,7.1,NE,6,1,0,0,0,1,0
1333,25-Aug-19,25.2,28.4,21.6,2.3,0.0,78,69,8.7,NE,4,0,0,0,0,0,0
1334,26-Aug-19,24.4,26.8,23.0,1.3,0.0,92,91,0.4,NE,3,0,0,0,0,0,0
1335,27-Aug-19,22.8,25.4,21.6,1.9,6.9,92,88,6.0,NE,6,1,0,0,0,0,0
1336,28-Aug-19,22.9,26.0,21.0,1.6,8.5,90,78,5.5,NE,6,0,1,0,0,0,0
1337,29-Aug-19,25.5,29.2,22.9,3.3,0.0,80,73,11.0,W,5,0,0,0,0,1,0
1338,30-Aug-19,21.2,27.0,20.4,1.1,55.6,97,94,0.0,NE,9,1,1,0,0,1,0
1339,31-Aug-19,20.6,21.7,20.2,0.3,117.5,96,95,6.0,NE,12,1,1,0,0,1,0
